Metadata_Experiment,Metadata_Plate,Metadata_Well,assay_type,food_conc_OD,food_type,diluent,drug,concentration_um,drug_prep_method,strain,bleach,well_censor,well_censor_reason,notes
NJR2,p001,A01,48h,10,HB101_10_11_2023,DMSO,Albendazole_B,0,see notion,CB4856,2,,,
NJR2,p001,B01,48h,10,HB101_10_11_2023,DMSO,Albendazole_B,0,see notion,CB4856,2,,,
NJR2,p001,C01,48h,10,HB101_10_11_2023,DMSO,Albendazole_B,0,see notion,CB4856,2,,,
NJR2,p001,D01,48h,10,HB101_10_11_2023,DMSO,Albendazole_B,0,see notion,CB4856,2,,,
NJR2,p001,E01,48h,10,HB101_10_11_2023,DMSO,Albendazole_F,0,see notion,CB4856,2,,,
NJR2,p001,F01,48h,10,HB101_10_11_2023,DMSO,Albendazole_F,0,see notion,CB4856,2,,,
NJR2,p001,G01,48h,10,HB101_10_11_2023,DMSO,Albendazole_F,0,see notion,CB4856,2,,,
NJR2,p001,H01,48h,10,HB101_10_11_2023,DMSO,Albendazole_F,0,see notion,CB4856,2,,,
NJR2,p001,A02,48h,10,HB101_10_11_2023,DMSO,Albendazole_B,0,see notion,CX11271,2,,,
NJR2,p001,B02,48h,10,HB101_10_11_2023,DMSO,Albendazole_B,0,see notion,CX11271,2,,,
NJR2,p001,C02,48h,10,HB101_10_11_2023,DMSO,Albendazole_B,0,see notion,CX11271,2,,,
NJR2,p001,D02,48h,10,HB101_10_11_2023,DMSO,Albendazole_B,0,see notion,CX11271,2,,,
NJR2,p001,E02,48h,10,HB101_10_11_2023,DMSO,Albendazole_F,0,see notion,CX11271,2,,,
NJR2,p001,F02,48h,10,HB101_10_11_2023,DMSO,Albendazole_F,0,see notion,CX11271,2,,,
NJR2,p001,G02,48h,10,HB101_10_11_2023,DMSO,Albendazole_F,0,see notion,CX11271,2,,,
NJR2,p001,H02,48h,10,HB101_10_11_2023,DMSO,Albendazole_F,0,see notion,CX11271,2,,,
NJR2,p001,A03,48h,10,HB101_10_11_2023,DMSO,Albendazole_B,0,see notion,ECA36,2,,,
NJR2,p001,B03,48h,10,HB101_10_11_2023,DMSO,Albendazole_B,0,see notion,ECA36,2,,,
NJR2,p001,C03,48h,10,HB101_10_11_2023,DMSO,Albendazole_B,0,see notion,ECA36,2,,,
NJR2,p001,D03,48h,10,HB101_10_11_2023,DMSO,Albendazole_B,0,see notion,ECA36,2,,,
NJR2,p001,E03,48h,10,HB101_10_11_2023,DMSO,Albendazole_F,0,see notion,ECA36,2,,,
NJR2,p001,F03,48h,10,HB101_10_11_2023,DMSO,Albendazole_F,0,see notion,ECA36,2,,,
NJR2,p001,G03,48h,10,HB101_10_11_2023,DMSO,Albendazole_F,0,see notion,ECA36,2,,,
NJR2,p001,H03,48h,10,HB101_10_11_2023,DMSO,Albendazole_F,0,see notion,ECA36,2,,,
NJR2,p001,A04,48h,10,HB101_10_11_2023,DMSO,Albendazole_B,0,see notion,JU775,2,,,
NJR2,p001,B04,48h,10,HB101_10_11_2023,DMSO,Albendazole_B,0,see notion,JU775,2,,,
NJR2,p001,C04,48h,10,HB101_10_11_2023,DMSO,Albendazole_B,0,see notion,JU775,2,,,
NJR2,p001,D04,48h,10,HB101_10_11_2023,DMSO,Albendazole_B,0,see notion,JU775,2,,,
NJR2,p001,E04,48h,10,HB101_10_11_2023,DMSO,Albendazole_F,0,see notion,JU775,2,,,
NJR2,p001,F04,48h,10,HB101_10_11_2023,DMSO,Albendazole_F,0,see notion,JU775,2,,,
NJR2,p001,G04,48h,10,HB101_10_11_2023,DMSO,Albendazole_F,0,see notion,JU775,2,,,
NJR2,p001,H04,48h,10,HB101_10_11_2023,DMSO,Albendazole_F,0,see notion,JU775,2,,,
NJR2,p001,A05,48h,10,HB101_10_11_2023,DMSO,Albendazole_B,0,see notion,MY16,2,,,
NJR2,p001,B05,48h,10,HB101_10_11_2023,DMSO,Albendazole_B,0,see notion,MY16,2,,,
NJR2,p001,C05,48h,10,HB101_10_11_2023,DMSO,Albendazole_B,0,see notion,MY16,2,,,
NJR2,p001,D05,48h,10,HB101_10_11_2023,DMSO,Albendazole_B,0,see notion,MY16,2,,,
NJR2,p001,E05,48h,10,HB101_10_11_2023,DMSO,Albendazole_F,0,see notion,MY16,2,,,
NJR2,p001,F05,48h,10,HB101_10_11_2023,DMSO,Albendazole_F,0,see notion,MY16,2,,,
NJR2,p001,G05,48h,10,HB101_10_11_2023,DMSO,Albendazole_F,0,see notion,MY16,2,,,
NJR2,p001,H05,48h,10,HB101_10_11_2023,DMSO,Albendazole_F,0,see notion,MY16,2,,,
NJR2,p001,A06,48h,10,HB101_10_11_2023,DMSO,Albendazole_B,0,see notion,N2,2,,,
NJR2,p001,B06,48h,10,HB101_10_11_2023,DMSO,Albendazole_B,0,see notion,N2,2,,,
NJR2,p001,C06,48h,10,HB101_10_11_2023,DMSO,Albendazole_B,0,see notion,N2,2,,,
NJR2,p001,D06,48h,10,HB101_10_11_2023,DMSO,Albendazole_B,0,see notion,N2,2,,,
NJR2,p001,E06,48h,10,HB101_10_11_2023,DMSO,Albendazole_F,0,see notion,N2,2,,,
NJR2,p001,F06,48h,10,HB101_10_11_2023,DMSO,Albendazole_F,0,see notion,N2,2,,,
NJR2,p001,G06,48h,10,HB101_10_11_2023,DMSO,Albendazole_F,0,see notion,N2,2,,,
NJR2,p001,H06,48h,10,HB101_10_11_2023,DMSO,Albendazole_F,0,see notion,N2,2,,,
NJR2,p001,A07,48h,10,HB101_10_11_2023,DMSO,Albendazole_B,30,see notion,CB4856,2,,,
NJR2,p001,B07,48h,10,HB101_10_11_2023,DMSO,Albendazole_B,30,see notion,CB4856,2,,,
NJR2,p001,C07,48h,10,HB101_10_11_2023,DMSO,Albendazole_B,30,see notion,CB4856,2,,,
NJR2,p001,D07,48h,10,HB101_10_11_2023,DMSO,Albendazole_B,30,see notion,CB4856,2,,,
NJR2,p001,E07,48h,10,HB101_10_11_2023,DMSO,Albendazole_F,30,see notion,CB4856,2,,,
NJR2,p001,F07,48h,10,HB101_10_11_2023,DMSO,Albendazole_F,30,see notion,CB4856,2,,,
NJR2,p001,G07,48h,10,HB101_10_11_2023,DMSO,Albendazole_F,30,see notion,CB4856,2,,,
NJR2,p001,H07,48h,10,HB101_10_11_2023,DMSO,Albendazole_F,30,see notion,CB4856,2,,,
NJR2,p001,A08,48h,10,HB101_10_11_2023,DMSO,Albendazole_B,30,see notion,CX11271,2,,,
NJR2,p001,B08,48h,10,HB101_10_11_2023,DMSO,Albendazole_B,30,see notion,CX11271,2,,,
NJR2,p001,C08,48h,10,HB101_10_11_2023,DMSO,Albendazole_B,30,see notion,CX11271,2,,,
NJR2,p001,D08,48h,10,HB101_10_11_2023,DMSO,Albendazole_B,30,see notion,CX11271,2,,,
NJR2,p001,E08,48h,10,HB101_10_11_2023,DMSO,Albendazole_F,30,see notion,CX11271,2,,,
NJR2,p001,F08,48h,10,HB101_10_11_2023,DMSO,Albendazole_F,30,see notion,CX11271,2,,,
NJR2,p001,G08,48h,10,HB101_10_11_2023,DMSO,Albendazole_F,30,see notion,CX11271,2,,,
NJR2,p001,H08,48h,10,HB101_10_11_2023,DMSO,Albendazole_F,30,see notion,CX11271,2,,,
NJR2,p001,A09,48h,10,HB101_10_11_2023,DMSO,Albendazole_B,30,see notion,ECA36,2,,,
NJR2,p001,B09,48h,10,HB101_10_11_2023,DMSO,Albendazole_B,30,see notion,ECA36,2,,,
NJR2,p001,C09,48h,10,HB101_10_11_2023,DMSO,Albendazole_B,30,see notion,ECA36,2,,,
NJR2,p001,D09,48h,10,HB101_10_11_2023,DMSO,Albendazole_B,30,see notion,ECA36,2,,,
NJR2,p001,E09,48h,10,HB101_10_11_2023,DMSO,Albendazole_F,30,see notion,ECA36,2,,,
NJR2,p001,F09,48h,10,HB101_10_11_2023,DMSO,Albendazole_F,30,see notion,ECA36,2,,,
NJR2,p001,G09,48h,10,HB101_10_11_2023,DMSO,Albendazole_F,30,see notion,ECA36,2,,,
NJR2,p001,H09,48h,10,HB101_10_11_2023,DMSO,Albendazole_F,30,see notion,ECA36,2,,,
NJR2,p001,A10,48h,10,HB101_10_11_2023,DMSO,Albendazole_B,30,see notion,JU775,2,,,
NJR2,p001,B10,48h,10,HB101_10_11_2023,DMSO,Albendazole_B,30,see notion,JU775,2,,,
NJR2,p001,C10,48h,10,HB101_10_11_2023,DMSO,Albendazole_B,30,see notion,JU775,2,,,
NJR2,p001,D10,48h,10,HB101_10_11_2023,DMSO,Albendazole_B,30,see notion,JU775,2,,,
NJR2,p001,E10,48h,10,HB101_10_11_2023,DMSO,Albendazole_F,30,see notion,JU775,2,,,
NJR2,p001,F10,48h,10,HB101_10_11_2023,DMSO,Albendazole_F,30,see notion,JU775,2,,,
NJR2,p001,G10,48h,10,HB101_10_11_2023,DMSO,Albendazole_F,30,see notion,JU775,2,,,
NJR2,p001,H10,48h,10,HB101_10_11_2023,DMSO,Albendazole_F,30,see notion,JU775,2,,,
NJR2,p001,A11,48h,10,HB101_10_11_2023,DMSO,Albendazole_B,30,see notion,MY16,2,,,
NJR2,p001,B11,48h,10,HB101_10_11_2023,DMSO,Albendazole_B,30,see notion,MY16,2,,,
NJR2,p001,C11,48h,10,HB101_10_11_2023,DMSO,Albendazole_B,30,see notion,MY16,2,,,
NJR2,p001,D11,48h,10,HB101_10_11_2023,DMSO,Albendazole_B,30,see notion,MY16,2,,,
NJR2,p001,E11,48h,10,HB101_10_11_2023,DMSO,Albendazole_F,30,see notion,MY16,2,,,
NJR2,p001,F11,48h,10,HB101_10_11_2023,DMSO,Albendazole_F,30,see notion,MY16,2,,,
NJR2,p001,G11,48h,10,HB101_10_11_2023,DMSO,Albendazole_F,30,see notion,MY16,2,,,
NJR2,p001,H11,48h,10,HB101_10_11_2023,DMSO,Albendazole_F,30,see notion,MY16,2,,,
NJR2,p001,A12,48h,10,HB101_10_11_2023,DMSO,Albendazole_B,30,see notion,N2,2,,,
NJR2,p001,B12,48h,10,HB101_10_11_2023,DMSO,Albendazole_B,30,see notion,N2,2,,,
NJR2,p001,C12,48h,10,HB101_10_11_2023,DMSO,Albendazole_B,30,see notion,N2,2,,,
NJR2,p001,D12,48h,10,HB101_10_11_2023,DMSO,Albendazole_B,30,see notion,N2,2,,,
NJR2,p001,E12,48h,10,HB101_10_11_2023,DMSO,Albendazole_F,30,see notion,N2,2,,,
NJR2,p001,F12,48h,10,HB101_10_11_2023,DMSO,Albendazole_F,30,see notion,N2,2,,,
NJR2,p001,G12,48h,10,HB101_10_11_2023,DMSO,Albendazole_F,30,see notion,N2,2,,,
NJR2,p001,H12,48h,10,HB101_10_11_2023,DMSO,Albendazole_F,30,see notion,N2,2,,,
NJR2,p002,A01,48h,10,HB101_10_11_2023,DMSO,Albendazole_B,0,see notion,CB4856,2,,,
NJR2,p002,B01,48h,10,HB101_10_11_2023,DMSO,Albendazole_B,0,see notion,CB4856,2,,,
NJR2,p002,C01,48h,10,HB101_10_11_2023,DMSO,Albendazole_B,0,see notion,CB4856,2,,,
NJR2,p002,D01,48h,10,HB101_10_11_2023,DMSO,Albendazole_B,0,see notion,CB4856,2,,,
NJR2,p002,E01,48h,10,HB101_10_11_2023,DMSO,Albendazole_F,0,see notion,CB4856,2,,,
NJR2,p002,F01,48h,10,HB101_10_11_2023,DMSO,Albendazole_F,0,see notion,CB4856,2,,,
NJR2,p002,G01,48h,10,HB101_10_11_2023,DMSO,Albendazole_F,0,see notion,CB4856,2,,,
NJR2,p002,H01,48h,10,HB101_10_11_2023,DMSO,Albendazole_F,0,see notion,CB4856,2,,,
NJR2,p002,A02,48h,10,HB101_10_11_2023,DMSO,Albendazole_B,0,see notion,CX11271,2,,,
NJR2,p002,B02,48h,10,HB101_10_11_2023,DMSO,Albendazole_B,0,see notion,CX11271,2,,,
NJR2,p002,C02,48h,10,HB101_10_11_2023,DMSO,Albendazole_B,0,see notion,CX11271,2,,,
NJR2,p002,D02,48h,10,HB101_10_11_2023,DMSO,Albendazole_B,0,see notion,CX11271,2,,,
NJR2,p002,E02,48h,10,HB101_10_11_2023,DMSO,Albendazole_F,0,see notion,CX11271,2,,,
NJR2,p002,F02,48h,10,HB101_10_11_2023,DMSO,Albendazole_F,0,see notion,CX11271,2,,,
NJR2,p002,G02,48h,10,HB101_10_11_2023,DMSO,Albendazole_F,0,see notion,CX11271,2,,,
NJR2,p002,H02,48h,10,HB101_10_11_2023,DMSO,Albendazole_F,0,see notion,CX11271,2,,,
NJR2,p002,A03,48h,10,HB101_10_11_2023,DMSO,Albendazole_B,0,see notion,ECA36,2,,,
NJR2,p002,B03,48h,10,HB101_10_11_2023,DMSO,Albendazole_B,0,see notion,ECA36,2,,,
NJR2,p002,C03,48h,10,HB101_10_11_2023,DMSO,Albendazole_B,0,see notion,ECA36,2,,,
NJR2,p002,D03,48h,10,HB101_10_11_2023,DMSO,Albendazole_B,0,see notion,ECA36,2,,,
NJR2,p002,E03,48h,10,HB101_10_11_2023,DMSO,Albendazole_F,0,see notion,ECA36,2,,,
NJR2,p002,F03,48h,10,HB101_10_11_2023,DMSO,Albendazole_F,0,see notion,ECA36,2,,,
NJR2,p002,G03,48h,10,HB101_10_11_2023,DMSO,Albendazole_F,0,see notion,ECA36,2,,,
NJR2,p002,H03,48h,10,HB101_10_11_2023,DMSO,Albendazole_F,0,see notion,ECA36,2,,,
NJR2,p002,A04,48h,10,HB101_10_11_2023,DMSO,Albendazole_B,0,see notion,JU775,2,,,
NJR2,p002,B04,48h,10,HB101_10_11_2023,DMSO,Albendazole_B,0,see notion,JU775,2,,,
NJR2,p002,C04,48h,10,HB101_10_11_2023,DMSO,Albendazole_B,0,see notion,JU775,2,,,
NJR2,p002,D04,48h,10,HB101_10_11_2023,DMSO,Albendazole_B,0,see notion,JU775,2,,,
NJR2,p002,E04,48h,10,HB101_10_11_2023,DMSO,Albendazole_F,0,see notion,JU775,2,,,
NJR2,p002,F04,48h,10,HB101_10_11_2023,DMSO,Albendazole_F,0,see notion,JU775,2,,,
NJR2,p002,G04,48h,10,HB101_10_11_2023,DMSO,Albendazole_F,0,see notion,JU775,2,,,
NJR2,p002,H04,48h,10,HB101_10_11_2023,DMSO,Albendazole_F,0,see notion,JU775,2,,,
NJR2,p002,A05,48h,10,HB101_10_11_2023,DMSO,Albendazole_B,0,see notion,MY16,2,,,
NJR2,p002,B05,48h,10,HB101_10_11_2023,DMSO,Albendazole_B,0,see notion,MY16,2,,,
NJR2,p002,C05,48h,10,HB101_10_11_2023,DMSO,Albendazole_B,0,see notion,MY16,2,,,
NJR2,p002,D05,48h,10,HB101_10_11_2023,DMSO,Albendazole_B,0,see notion,MY16,2,,,
NJR2,p002,E05,48h,10,HB101_10_11_2023,DMSO,Albendazole_F,0,see notion,MY16,2,,,
NJR2,p002,F05,48h,10,HB101_10_11_2023,DMSO,Albendazole_F,0,see notion,MY16,2,,,
NJR2,p002,G05,48h,10,HB101_10_11_2023,DMSO,Albendazole_F,0,see notion,MY16,2,,,
NJR2,p002,H05,48h,10,HB101_10_11_2023,DMSO,Albendazole_F,0,see notion,MY16,2,,,
NJR2,p002,A06,48h,10,HB101_10_11_2023,DMSO,Albendazole_B,0,see notion,N2,2,,,
NJR2,p002,B06,48h,10,HB101_10_11_2023,DMSO,Albendazole_B,0,see notion,N2,2,,,
NJR2,p002,C06,48h,10,HB101_10_11_2023,DMSO,Albendazole_B,0,see notion,N2,2,,,
NJR2,p002,D06,48h,10,HB101_10_11_2023,DMSO,Albendazole_B,0,see notion,N2,2,,,
NJR2,p002,E06,48h,10,HB101_10_11_2023,DMSO,Albendazole_F,0,see notion,N2,2,,,
NJR2,p002,F06,48h,10,HB101_10_11_2023,DMSO,Albendazole_F,0,see notion,N2,2,,,
NJR2,p002,G06,48h,10,HB101_10_11_2023,DMSO,Albendazole_F,0,see notion,N2,2,,,
NJR2,p002,H06,48h,10,HB101_10_11_2023,DMSO,Albendazole_F,0,see notion,N2,2,,,
NJR2,p002,A07,48h,10,HB101_10_11_2023,DMSO,Albendazole_B,30,see notion,CB4856,2,,,
NJR2,p002,B07,48h,10,HB101_10_11_2023,DMSO,Albendazole_B,30,see notion,CB4856,2,,,
NJR2,p002,C07,48h,10,HB101_10_11_2023,DMSO,Albendazole_B,30,see notion,CB4856,2,,,
NJR2,p002,D07,48h,10,HB101_10_11_2023,DMSO,Albendazole_B,30,see notion,CB4856,2,,,
NJR2,p002,E07,48h,10,HB101_10_11_2023,DMSO,Albendazole_F,30,see notion,CB4856,2,,,
NJR2,p002,F07,48h,10,HB101_10_11_2023,DMSO,Albendazole_F,30,see notion,CB4856,2,,,
NJR2,p002,G07,48h,10,HB101_10_11_2023,DMSO,Albendazole_F,30,see notion,CB4856,2,,,
NJR2,p002,H07,48h,10,HB101_10_11_2023,DMSO,Albendazole_F,30,see notion,CB4856,2,,,
NJR2,p002,A08,48h,10,HB101_10_11_2023,DMSO,Albendazole_B,30,see notion,CX11271,2,,,
NJR2,p002,B08,48h,10,HB101_10_11_2023,DMSO,Albendazole_B,30,see notion,CX11271,2,,,
NJR2,p002,C08,48h,10,HB101_10_11_2023,DMSO,Albendazole_B,30,see notion,CX11271,2,,,
NJR2,p002,D08,48h,10,HB101_10_11_2023,DMSO,Albendazole_B,30,see notion,CX11271,2,,,
NJR2,p002,E08,48h,10,HB101_10_11_2023,DMSO,Albendazole_F,30,see notion,CX11271,2,,,
NJR2,p002,F08,48h,10,HB101_10_11_2023,DMSO,Albendazole_F,30,see notion,CX11271,2,,,
NJR2,p002,G08,48h,10,HB101_10_11_2023,DMSO,Albendazole_F,30,see notion,CX11271,2,,,
NJR2,p002,H08,48h,10,HB101_10_11_2023,DMSO,Albendazole_F,30,see notion,CX11271,2,,,
NJR2,p002,A09,48h,10,HB101_10_11_2023,DMSO,Albendazole_B,30,see notion,ECA36,2,,,
NJR2,p002,B09,48h,10,HB101_10_11_2023,DMSO,Albendazole_B,30,see notion,ECA36,2,,,
NJR2,p002,C09,48h,10,HB101_10_11_2023,DMSO,Albendazole_B,30,see notion,ECA36,2,,,
NJR2,p002,D09,48h,10,HB101_10_11_2023,DMSO,Albendazole_B,30,see notion,ECA36,2,,,
NJR2,p002,E09,48h,10,HB101_10_11_2023,DMSO,Albendazole_F,30,see notion,ECA36,2,,,
NJR2,p002,F09,48h,10,HB101_10_11_2023,DMSO,Albendazole_F,30,see notion,ECA36,2,,,
NJR2,p002,G09,48h,10,HB101_10_11_2023,DMSO,Albendazole_F,30,see notion,ECA36,2,,,
NJR2,p002,H09,48h,10,HB101_10_11_2023,DMSO,Albendazole_F,30,see notion,ECA36,2,,,
NJR2,p002,A10,48h,10,HB101_10_11_2023,DMSO,Albendazole_B,30,see notion,JU775,2,,,
NJR2,p002,B10,48h,10,HB101_10_11_2023,DMSO,Albendazole_B,30,see notion,JU775,2,,,
NJR2,p002,C10,48h,10,HB101_10_11_2023,DMSO,Albendazole_B,30,see notion,JU775,2,,,
NJR2,p002,D10,48h,10,HB101_10_11_2023,DMSO,Albendazole_B,30,see notion,JU775,2,,,
NJR2,p002,E10,48h,10,HB101_10_11_2023,DMSO,Albendazole_F,30,see notion,JU775,2,,,
NJR2,p002,F10,48h,10,HB101_10_11_2023,DMSO,Albendazole_F,30,see notion,JU775,2,,,
NJR2,p002,G10,48h,10,HB101_10_11_2023,DMSO,Albendazole_F,30,see notion,JU775,2,,,
NJR2,p002,H10,48h,10,HB101_10_11_2023,DMSO,Albendazole_F,30,see notion,JU775,2,,,
NJR2,p002,A11,48h,10,HB101_10_11_2023,DMSO,Albendazole_B,30,see notion,MY16,2,,,
NJR2,p002,B11,48h,10,HB101_10_11_2023,DMSO,Albendazole_B,30,see notion,MY16,2,,,
NJR2,p002,C11,48h,10,HB101_10_11_2023,DMSO,Albendazole_B,30,see notion,MY16,2,,,
NJR2,p002,D11,48h,10,HB101_10_11_2023,DMSO,Albendazole_B,30,see notion,MY16,2,,,
NJR2,p002,E11,48h,10,HB101_10_11_2023,DMSO,Albendazole_F,30,see notion,MY16,2,,,
NJR2,p002,F11,48h,10,HB101_10_11_2023,DMSO,Albendazole_F,30,see notion,MY16,2,,,
NJR2,p002,G11,48h,10,HB101_10_11_2023,DMSO,Albendazole_F,30,see notion,MY16,2,,,
NJR2,p002,H11,48h,10,HB101_10_11_2023,DMSO,Albendazole_F,30,see notion,MY16,2,,,
NJR2,p002,A12,48h,10,HB101_10_11_2023,DMSO,Albendazole_B,30,see notion,N2,2,,,
NJR2,p002,B12,48h,10,HB101_10_11_2023,DMSO,Albendazole_B,30,see notion,N2,2,,,
NJR2,p002,C12,48h,10,HB101_10_11_2023,DMSO,Albendazole_B,30,see notion,N2,2,,,
NJR2,p002,D12,48h,10,HB101_10_11_2023,DMSO,Albendazole_B,30,see notion,N2,2,,,
NJR2,p002,E12,48h,10,HB101_10_11_2023,DMSO,Albendazole_F,30,see notion,N2,2,,,
NJR2,p002,F12,48h,10,HB101_10_11_2023,DMSO,Albendazole_F,30,see notion,N2,2,,,
NJR2,p002,G12,48h,10,HB101_10_11_2023,DMSO,Albendazole_F,30,see notion,N2,2,,,
NJR2,p002,H12,48h,10,HB101_10_11_2023,DMSO,Albendazole_F,30,see notion,N2,2,,,
NJR2,p003,A01,48h,10,HB101_10_11_2023,DMSO,Albendazole_B,0,see notion,CB4856,2,,,
NJR2,p003,B01,48h,10,HB101_10_11_2023,DMSO,Albendazole_B,0,see notion,CB4856,2,,,
NJR2,p003,C01,48h,10,HB101_10_11_2023,DMSO,Albendazole_B,0,see notion,CB4856,2,,,
NJR2,p003,D01,48h,10,HB101_10_11_2023,DMSO,Albendazole_B,0,see notion,CB4856,2,,,
NJR2,p003,E01,48h,10,HB101_10_11_2023,DMSO,Albendazole_F,0,see notion,CB4856,2,,,
NJR2,p003,F01,48h,10,HB101_10_11_2023,DMSO,Albendazole_F,0,see notion,CB4856,2,,,
NJR2,p003,G01,48h,10,HB101_10_11_2023,DMSO,Albendazole_F,0,see notion,CB4856,2,,,
NJR2,p003,H01,48h,10,HB101_10_11_2023,DMSO,Albendazole_F,0,see notion,CB4856,2,,,
NJR2,p003,A02,48h,10,HB101_10_11_2023,DMSO,Albendazole_B,0,see notion,CX11271,2,,,
NJR2,p003,B02,48h,10,HB101_10_11_2023,DMSO,Albendazole_B,0,see notion,CX11271,2,,,
NJR2,p003,C02,48h,10,HB101_10_11_2023,DMSO,Albendazole_B,0,see notion,CX11271,2,,,
NJR2,p003,D02,48h,10,HB101_10_11_2023,DMSO,Albendazole_B,0,see notion,CX11271,2,,,
NJR2,p003,E02,48h,10,HB101_10_11_2023,DMSO,Albendazole_F,0,see notion,CX11271,2,,,
NJR2,p003,F02,48h,10,HB101_10_11_2023,DMSO,Albendazole_F,0,see notion,CX11271,2,,,
NJR2,p003,G02,48h,10,HB101_10_11_2023,DMSO,Albendazole_F,0,see notion,CX11271,2,,,
NJR2,p003,H02,48h,10,HB101_10_11_2023,DMSO,Albendazole_F,0,see notion,CX11271,2,,,
NJR2,p003,A03,48h,10,HB101_10_11_2023,DMSO,Albendazole_B,0,see notion,ECA36,2,,,
NJR2,p003,B03,48h,10,HB101_10_11_2023,DMSO,Albendazole_B,0,see notion,ECA36,2,,,
NJR2,p003,C03,48h,10,HB101_10_11_2023,DMSO,Albendazole_B,0,see notion,ECA36,2,,,
NJR2,p003,D03,48h,10,HB101_10_11_2023,DMSO,Albendazole_B,0,see notion,ECA36,2,,,
NJR2,p003,E03,48h,10,HB101_10_11_2023,DMSO,Albendazole_F,0,see notion,ECA36,2,,,
NJR2,p003,F03,48h,10,HB101_10_11_2023,DMSO,Albendazole_F,0,see notion,ECA36,2,,,
NJR2,p003,G03,48h,10,HB101_10_11_2023,DMSO,Albendazole_F,0,see notion,ECA36,2,,,
NJR2,p003,H03,48h,10,HB101_10_11_2023,DMSO,Albendazole_F,0,see notion,ECA36,2,,,
NJR2,p003,A04,48h,10,HB101_10_11_2023,DMSO,Albendazole_B,0,see notion,JU775,2,,,
NJR2,p003,B04,48h,10,HB101_10_11_2023,DMSO,Albendazole_B,0,see notion,JU775,2,,,
NJR2,p003,C04,48h,10,HB101_10_11_2023,DMSO,Albendazole_B,0,see notion,JU775,2,,,
NJR2,p003,D04,48h,10,HB101_10_11_2023,DMSO,Albendazole_B,0,see notion,JU775,2,,,
NJR2,p003,E04,48h,10,HB101_10_11_2023,DMSO,Albendazole_F,0,see notion,JU775,2,,,
NJR2,p003,F04,48h,10,HB101_10_11_2023,DMSO,Albendazole_F,0,see notion,JU775,2,,,
NJR2,p003,G04,48h,10,HB101_10_11_2023,DMSO,Albendazole_F,0,see notion,JU775,2,,,
NJR2,p003,H04,48h,10,HB101_10_11_2023,DMSO,Albendazole_F,0,see notion,JU775,2,,,
NJR2,p003,A05,48h,10,HB101_10_11_2023,DMSO,Albendazole_B,0,see notion,MY16,2,,,
NJR2,p003,B05,48h,10,HB101_10_11_2023,DMSO,Albendazole_B,0,see notion,MY16,2,,,
NJR2,p003,C05,48h,10,HB101_10_11_2023,DMSO,Albendazole_B,0,see notion,MY16,2,,,
NJR2,p003,D05,48h,10,HB101_10_11_2023,DMSO,Albendazole_B,0,see notion,MY16,2,,,
NJR2,p003,E05,48h,10,HB101_10_11_2023,DMSO,Albendazole_F,0,see notion,MY16,2,,,
NJR2,p003,F05,48h,10,HB101_10_11_2023,DMSO,Albendazole_F,0,see notion,MY16,2,,,
NJR2,p003,G05,48h,10,HB101_10_11_2023,DMSO,Albendazole_F,0,see notion,MY16,2,,,
NJR2,p003,H05,48h,10,HB101_10_11_2023,DMSO,Albendazole_F,0,see notion,MY16,2,,,
NJR2,p003,A06,48h,10,HB101_10_11_2023,DMSO,Albendazole_B,0,see notion,N2,2,,,
NJR2,p003,B06,48h,10,HB101_10_11_2023,DMSO,Albendazole_B,0,see notion,N2,2,,,
NJR2,p003,C06,48h,10,HB101_10_11_2023,DMSO,Albendazole_B,0,see notion,N2,2,,,
NJR2,p003,D06,48h,10,HB101_10_11_2023,DMSO,Albendazole_B,0,see notion,N2,2,,,
NJR2,p003,E06,48h,10,HB101_10_11_2023,DMSO,Albendazole_F,0,see notion,N2,2,,,
NJR2,p003,F06,48h,10,HB101_10_11_2023,DMSO,Albendazole_F,0,see notion,N2,2,,,
NJR2,p003,G06,48h,10,HB101_10_11_2023,DMSO,Albendazole_F,0,see notion,N2,2,,,
NJR2,p003,H06,48h,10,HB101_10_11_2023,DMSO,Albendazole_F,0,see notion,N2,2,,,
NJR2,p003,A07,48h,10,HB101_10_11_2023,DMSO,Albendazole_B,30,see notion,CB4856,2,,,
NJR2,p003,B07,48h,10,HB101_10_11_2023,DMSO,Albendazole_B,30,see notion,CB4856,2,,,
NJR2,p003,C07,48h,10,HB101_10_11_2023,DMSO,Albendazole_B,30,see notion,CB4856,2,,,
NJR2,p003,D07,48h,10,HB101_10_11_2023,DMSO,Albendazole_B,30,see notion,CB4856,2,,,
NJR2,p003,E07,48h,10,HB101_10_11_2023,DMSO,Albendazole_F,30,see notion,CB4856,2,,,
NJR2,p003,F07,48h,10,HB101_10_11_2023,DMSO,Albendazole_F,30,see notion,CB4856,2,,,
NJR2,p003,G07,48h,10,HB101_10_11_2023,DMSO,Albendazole_F,30,see notion,CB4856,2,,,
NJR2,p003,H07,48h,10,HB101_10_11_2023,DMSO,Albendazole_F,30,see notion,CB4856,2,,,
NJR2,p003,A08,48h,10,HB101_10_11_2023,DMSO,Albendazole_B,30,see notion,CX11271,2,,,
NJR2,p003,B08,48h,10,HB101_10_11_2023,DMSO,Albendazole_B,30,see notion,CX11271,2,,,
NJR2,p003,C08,48h,10,HB101_10_11_2023,DMSO,Albendazole_B,30,see notion,CX11271,2,,,
NJR2,p003,D08,48h,10,HB101_10_11_2023,DMSO,Albendazole_B,30,see notion,CX11271,2,,,
NJR2,p003,E08,48h,10,HB101_10_11_2023,DMSO,Albendazole_F,30,see notion,CX11271,2,,,
NJR2,p003,F08,48h,10,HB101_10_11_2023,DMSO,Albendazole_F,30,see notion,CX11271,2,,,
NJR2,p003,G08,48h,10,HB101_10_11_2023,DMSO,Albendazole_F,30,see notion,CX11271,2,,,
NJR2,p003,H08,48h,10,HB101_10_11_2023,DMSO,Albendazole_F,30,see notion,CX11271,2,,,
NJR2,p003,A09,48h,10,HB101_10_11_2023,DMSO,Albendazole_B,30,see notion,ECA36,2,,,
NJR2,p003,B09,48h,10,HB101_10_11_2023,DMSO,Albendazole_B,30,see notion,ECA36,2,,,
NJR2,p003,C09,48h,10,HB101_10_11_2023,DMSO,Albendazole_B,30,see notion,ECA36,2,,,
NJR2,p003,D09,48h,10,HB101_10_11_2023,DMSO,Albendazole_B,30,see notion,ECA36,2,,,
NJR2,p003,E09,48h,10,HB101_10_11_2023,DMSO,Albendazole_F,30,see notion,ECA36,2,,,
NJR2,p003,F09,48h,10,HB101_10_11_2023,DMSO,Albendazole_F,30,see notion,ECA36,2,,,
NJR2,p003,G09,48h,10,HB101_10_11_2023,DMSO,Albendazole_F,30,see notion,ECA36,2,,,
NJR2,p003,H09,48h,10,HB101_10_11_2023,DMSO,Albendazole_F,30,see notion,ECA36,2,,,
NJR2,p003,A10,48h,10,HB101_10_11_2023,DMSO,Albendazole_B,30,see notion,JU775,2,,,
NJR2,p003,B10,48h,10,HB101_10_11_2023,DMSO,Albendazole_B,30,see notion,JU775,2,,,
NJR2,p003,C10,48h,10,HB101_10_11_2023,DMSO,Albendazole_B,30,see notion,JU775,2,,,
NJR2,p003,D10,48h,10,HB101_10_11_2023,DMSO,Albendazole_B,30,see notion,JU775,2,,,
NJR2,p003,E10,48h,10,HB101_10_11_2023,DMSO,Albendazole_F,30,see notion,JU775,2,,,
NJR2,p003,F10,48h,10,HB101_10_11_2023,DMSO,Albendazole_F,30,see notion,JU775,2,,,
NJR2,p003,G10,48h,10,HB101_10_11_2023,DMSO,Albendazole_F,30,see notion,JU775,2,,,
NJR2,p003,H10,48h,10,HB101_10_11_2023,DMSO,Albendazole_F,30,see notion,JU775,2,,,
NJR2,p003,A11,48h,10,HB101_10_11_2023,DMSO,Albendazole_B,30,see notion,MY16,2,,,
NJR2,p003,B11,48h,10,HB101_10_11_2023,DMSO,Albendazole_B,30,see notion,MY16,2,,,
NJR2,p003,C11,48h,10,HB101_10_11_2023,DMSO,Albendazole_B,30,see notion,MY16,2,,,
NJR2,p003,D11,48h,10,HB101_10_11_2023,DMSO,Albendazole_B,30,see notion,MY16,2,,,
NJR2,p003,E11,48h,10,HB101_10_11_2023,DMSO,Albendazole_F,30,see notion,MY16,2,,,
NJR2,p003,F11,48h,10,HB101_10_11_2023,DMSO,Albendazole_F,30,see notion,MY16,2,,,
NJR2,p003,G11,48h,10,HB101_10_11_2023,DMSO,Albendazole_F,30,see notion,MY16,2,,,
NJR2,p003,H11,48h,10,HB101_10_11_2023,DMSO,Albendazole_F,30,see notion,MY16,2,,,
NJR2,p003,A12,48h,10,HB101_10_11_2023,DMSO,Albendazole_B,30,see notion,N2,2,,,
NJR2,p003,B12,48h,10,HB101_10_11_2023,DMSO,Albendazole_B,30,see notion,N2,2,,,
NJR2,p003,C12,48h,10,HB101_10_11_2023,DMSO,Albendazole_B,30,see notion,N2,2,,,
NJR2,p003,D12,48h,10,HB101_10_11_2023,DMSO,Albendazole_B,30,see notion,N2,2,,,
NJR2,p003,E12,48h,10,HB101_10_11_2023,DMSO,Albendazole_F,30,see notion,N2,2,,,
NJR2,p003,F12,48h,10,HB101_10_11_2023,DMSO,Albendazole_F,30,see notion,N2,2,,,
NJR2,p003,G12,48h,10,HB101_10_11_2023,DMSO,Albendazole_F,30,see notion,N2,2,,,
NJR2,p003,H12,48h,10,HB101_10_11_2023,DMSO,Albendazole_F,30,see notion,N2,2,,,
NJR2,p004,A01,48h,10,HB101_10_11_2023,DMSO,Albendazole_B,0,see notion,CB4856,2,,,
NJR2,p004,B01,48h,10,HB101_10_11_2023,DMSO,Albendazole_B,0,see notion,CB4856,2,,,
NJR2,p004,C01,48h,10,HB101_10_11_2023,DMSO,Albendazole_B,0,see notion,CB4856,2,,,
NJR2,p004,D01,48h,10,HB101_10_11_2023,DMSO,Albendazole_B,0,see notion,CB4856,2,,,
NJR2,p004,E01,48h,10,HB101_10_11_2023,DMSO,Albendazole_F,0,see notion,CB4856,2,,,
NJR2,p004,F01,48h,10,HB101_10_11_2023,DMSO,Albendazole_F,0,see notion,CB4856,2,,,
NJR2,p004,G01,48h,10,HB101_10_11_2023,DMSO,Albendazole_F,0,see notion,CB4856,2,,,
NJR2,p004,H01,48h,10,HB101_10_11_2023,DMSO,Albendazole_F,0,see notion,CB4856,2,,,
NJR2,p004,A02,48h,10,HB101_10_11_2023,DMSO,Albendazole_B,0,see notion,CX11271,2,,,
NJR2,p004,B02,48h,10,HB101_10_11_2023,DMSO,Albendazole_B,0,see notion,CX11271,2,,,
NJR2,p004,C02,48h,10,HB101_10_11_2023,DMSO,Albendazole_B,0,see notion,CX11271,2,,,
NJR2,p004,D02,48h,10,HB101_10_11_2023,DMSO,Albendazole_B,0,see notion,CX11271,2,,,
NJR2,p004,E02,48h,10,HB101_10_11_2023,DMSO,Albendazole_F,0,see notion,CX11271,2,,,
NJR2,p004,F02,48h,10,HB101_10_11_2023,DMSO,Albendazole_F,0,see notion,CX11271,2,,,
NJR2,p004,G02,48h,10,HB101_10_11_2023,DMSO,Albendazole_F,0,see notion,CX11271,2,,,
NJR2,p004,H02,48h,10,HB101_10_11_2023,DMSO,Albendazole_F,0,see notion,CX11271,2,,,
NJR2,p004,A03,48h,10,HB101_10_11_2023,DMSO,Albendazole_B,0,see notion,ECA36,2,,,
NJR2,p004,B03,48h,10,HB101_10_11_2023,DMSO,Albendazole_B,0,see notion,ECA36,2,,,
NJR2,p004,C03,48h,10,HB101_10_11_2023,DMSO,Albendazole_B,0,see notion,ECA36,2,,,
NJR2,p004,D03,48h,10,HB101_10_11_2023,DMSO,Albendazole_B,0,see notion,ECA36,2,,,
NJR2,p004,E03,48h,10,HB101_10_11_2023,DMSO,Albendazole_F,0,see notion,ECA36,2,,,
NJR2,p004,F03,48h,10,HB101_10_11_2023,DMSO,Albendazole_F,0,see notion,ECA36,2,,,
NJR2,p004,G03,48h,10,HB101_10_11_2023,DMSO,Albendazole_F,0,see notion,ECA36,2,,,
NJR2,p004,H03,48h,10,HB101_10_11_2023,DMSO,Albendazole_F,0,see notion,ECA36,2,,,
NJR2,p004,A04,48h,10,HB101_10_11_2023,DMSO,Albendazole_B,0,see notion,JU775,2,,,
NJR2,p004,B04,48h,10,HB101_10_11_2023,DMSO,Albendazole_B,0,see notion,JU775,2,,,
NJR2,p004,C04,48h,10,HB101_10_11_2023,DMSO,Albendazole_B,0,see notion,JU775,2,,,
NJR2,p004,D04,48h,10,HB101_10_11_2023,DMSO,Albendazole_B,0,see notion,JU775,2,,,
NJR2,p004,E04,48h,10,HB101_10_11_2023,DMSO,Albendazole_F,0,see notion,JU775,2,,,
NJR2,p004,F04,48h,10,HB101_10_11_2023,DMSO,Albendazole_F,0,see notion,JU775,2,,,
NJR2,p004,G04,48h,10,HB101_10_11_2023,DMSO,Albendazole_F,0,see notion,JU775,2,,,
NJR2,p004,H04,48h,10,HB101_10_11_2023,DMSO,Albendazole_F,0,see notion,JU775,2,,,
NJR2,p004,A05,48h,10,HB101_10_11_2023,DMSO,Albendazole_B,0,see notion,MY16,2,,,
NJR2,p004,B05,48h,10,HB101_10_11_2023,DMSO,Albendazole_B,0,see notion,MY16,2,,,
NJR2,p004,C05,48h,10,HB101_10_11_2023,DMSO,Albendazole_B,0,see notion,MY16,2,,,
NJR2,p004,D05,48h,10,HB101_10_11_2023,DMSO,Albendazole_B,0,see notion,MY16,2,,,
NJR2,p004,E05,48h,10,HB101_10_11_2023,DMSO,Albendazole_F,0,see notion,MY16,2,,,
NJR2,p004,F05,48h,10,HB101_10_11_2023,DMSO,Albendazole_F,0,see notion,MY16,2,,,
NJR2,p004,G05,48h,10,HB101_10_11_2023,DMSO,Albendazole_F,0,see notion,MY16,2,,,
NJR2,p004,H05,48h,10,HB101_10_11_2023,DMSO,Albendazole_F,0,see notion,MY16,2,,,
NJR2,p004,A06,48h,10,HB101_10_11_2023,DMSO,Albendazole_B,0,see notion,N2,2,,,
NJR2,p004,B06,48h,10,HB101_10_11_2023,DMSO,Albendazole_B,0,see notion,N2,2,,,
NJR2,p004,C06,48h,10,HB101_10_11_2023,DMSO,Albendazole_B,0,see notion,N2,2,,,
NJR2,p004,D06,48h,10,HB101_10_11_2023,DMSO,Albendazole_B,0,see notion,N2,2,,,
NJR2,p004,E06,48h,10,HB101_10_11_2023,DMSO,Albendazole_F,0,see notion,N2,2,,,
NJR2,p004,F06,48h,10,HB101_10_11_2023,DMSO,Albendazole_F,0,see notion,N2,2,,,
NJR2,p004,G06,48h,10,HB101_10_11_2023,DMSO,Albendazole_F,0,see notion,N2,2,,,
NJR2,p004,H06,48h,10,HB101_10_11_2023,DMSO,Albendazole_F,0,see notion,N2,2,,,
NJR2,p004,A07,48h,10,HB101_10_11_2023,DMSO,Albendazole_B,30,see notion,CB4856,2,,,
NJR2,p004,B07,48h,10,HB101_10_11_2023,DMSO,Albendazole_B,30,see notion,CB4856,2,,,
NJR2,p004,C07,48h,10,HB101_10_11_2023,DMSO,Albendazole_B,30,see notion,CB4856,2,,,
NJR2,p004,D07,48h,10,HB101_10_11_2023,DMSO,Albendazole_B,30,see notion,CB4856,2,,,
NJR2,p004,E07,48h,10,HB101_10_11_2023,DMSO,Albendazole_F,30,see notion,CB4856,2,,,
NJR2,p004,F07,48h,10,HB101_10_11_2023,DMSO,Albendazole_F,30,see notion,CB4856,2,,,
NJR2,p004,G07,48h,10,HB101_10_11_2023,DMSO,Albendazole_F,30,see notion,CB4856,2,,,
NJR2,p004,H07,48h,10,HB101_10_11_2023,DMSO,Albendazole_F,30,see notion,CB4856,2,,,
NJR2,p004,A08,48h,10,HB101_10_11_2023,DMSO,Albendazole_B,30,see notion,CX11271,2,,,
NJR2,p004,B08,48h,10,HB101_10_11_2023,DMSO,Albendazole_B,30,see notion,CX11271,2,,,
NJR2,p004,C08,48h,10,HB101_10_11_2023,DMSO,Albendazole_B,30,see notion,CX11271,2,,,
NJR2,p004,D08,48h,10,HB101_10_11_2023,DMSO,Albendazole_B,30,see notion,CX11271,2,,,
NJR2,p004,E08,48h,10,HB101_10_11_2023,DMSO,Albendazole_F,30,see notion,CX11271,2,,,
NJR2,p004,F08,48h,10,HB101_10_11_2023,DMSO,Albendazole_F,30,see notion,CX11271,2,,,
NJR2,p004,G08,48h,10,HB101_10_11_2023,DMSO,Albendazole_F,30,see notion,CX11271,2,,,
NJR2,p004,H08,48h,10,HB101_10_11_2023,DMSO,Albendazole_F,30,see notion,CX11271,2,,,
NJR2,p004,A09,48h,10,HB101_10_11_2023,DMSO,Albendazole_B,30,see notion,ECA36,2,,,
NJR2,p004,B09,48h,10,HB101_10_11_2023,DMSO,Albendazole_B,30,see notion,ECA36,2,,,
NJR2,p004,C09,48h,10,HB101_10_11_2023,DMSO,Albendazole_B,30,see notion,ECA36,2,,,
NJR2,p004,D09,48h,10,HB101_10_11_2023,DMSO,Albendazole_B,30,see notion,ECA36,2,,,
NJR2,p004,E09,48h,10,HB101_10_11_2023,DMSO,Albendazole_F,30,see notion,ECA36,2,,,
NJR2,p004,F09,48h,10,HB101_10_11_2023,DMSO,Albendazole_F,30,see notion,ECA36,2,,,
NJR2,p004,G09,48h,10,HB101_10_11_2023,DMSO,Albendazole_F,30,see notion,ECA36,2,,,
NJR2,p004,H09,48h,10,HB101_10_11_2023,DMSO,Albendazole_F,30,see notion,ECA36,2,,,
NJR2,p004,A10,48h,10,HB101_10_11_2023,DMSO,Albendazole_B,30,see notion,JU775,2,,,
NJR2,p004,B10,48h,10,HB101_10_11_2023,DMSO,Albendazole_B,30,see notion,JU775,2,,,
NJR2,p004,C10,48h,10,HB101_10_11_2023,DMSO,Albendazole_B,30,see notion,JU775,2,,,
NJR2,p004,D10,48h,10,HB101_10_11_2023,DMSO,Albendazole_B,30,see notion,JU775,2,,,
NJR2,p004,E10,48h,10,HB101_10_11_2023,DMSO,Albendazole_F,30,see notion,JU775,2,,,
NJR2,p004,F10,48h,10,HB101_10_11_2023,DMSO,Albendazole_F,30,see notion,JU775,2,,,
NJR2,p004,G10,48h,10,HB101_10_11_2023,DMSO,Albendazole_F,30,see notion,JU775,2,,,
NJR2,p004,H10,48h,10,HB101_10_11_2023,DMSO,Albendazole_F,30,see notion,JU775,2,,,
NJR2,p004,A11,48h,10,HB101_10_11_2023,DMSO,Albendazole_B,30,see notion,MY16,2,,,
NJR2,p004,B11,48h,10,HB101_10_11_2023,DMSO,Albendazole_B,30,see notion,MY16,2,,,
NJR2,p004,C11,48h,10,HB101_10_11_2023,DMSO,Albendazole_B,30,see notion,MY16,2,,,
NJR2,p004,D11,48h,10,HB101_10_11_2023,DMSO,Albendazole_B,30,see notion,MY16,2,,,
NJR2,p004,E11,48h,10,HB101_10_11_2023,DMSO,Albendazole_F,30,see notion,MY16,2,,,
NJR2,p004,F11,48h,10,HB101_10_11_2023,DMSO,Albendazole_F,30,see notion,MY16,2,,,
NJR2,p004,G11,48h,10,HB101_10_11_2023,DMSO,Albendazole_F,30,see notion,MY16,2,,,
NJR2,p004,H11,48h,10,HB101_10_11_2023,DMSO,Albendazole_F,30,see notion,MY16,2,,,
NJR2,p004,A12,48h,10,HB101_10_11_2023,DMSO,Albendazole_B,30,see notion,N2,2,,,
NJR2,p004,B12,48h,10,HB101_10_11_2023,DMSO,Albendazole_B,30,see notion,N2,2,,,
NJR2,p004,C12,48h,10,HB101_10_11_2023,DMSO,Albendazole_B,30,see notion,N2,2,,,
NJR2,p004,D12,48h,10,HB101_10_11_2023,DMSO,Albendazole_B,30,see notion,N2,2,,,
NJR2,p004,E12,48h,10,HB101_10_11_2023,DMSO,Albendazole_F,30,see notion,N2,2,,,
NJR2,p004,F12,48h,10,HB101_10_11_2023,DMSO,Albendazole_F,30,see notion,N2,2,,,
NJR2,p004,G12,48h,10,HB101_10_11_2023,DMSO,Albendazole_F,30,see notion,N2,2,,,
NJR2,p004,H12,48h,10,HB101_10_11_2023,DMSO,Albendazole_F,30,see notion,N2,2,,,
NJR2,p005,A01,48h,10,HB101_10_11_2023,DMSO,Albendazole_B,0,see notion,CB4856,2,,,
NJR2,p005,B01,48h,10,HB101_10_11_2023,DMSO,Albendazole_B,0,see notion,CB4856,2,,,
NJR2,p005,C01,48h,10,HB101_10_11_2023,DMSO,Albendazole_B,0,see notion,CB4856,2,,,
NJR2,p005,D01,48h,10,HB101_10_11_2023,DMSO,Albendazole_B,0,see notion,CB4856,2,,,
NJR2,p005,E01,48h,10,HB101_10_11_2023,DMSO,Albendazole_F,0,see notion,CB4856,2,,,
NJR2,p005,F01,48h,10,HB101_10_11_2023,DMSO,Albendazole_F,0,see notion,CB4856,2,,,
NJR2,p005,G01,48h,10,HB101_10_11_2023,DMSO,Albendazole_F,0,see notion,CB4856,2,,,
NJR2,p005,H01,48h,10,HB101_10_11_2023,DMSO,Albendazole_F,0,see notion,CB4856,2,,,
NJR2,p005,A02,48h,10,HB101_10_11_2023,DMSO,Albendazole_B,0,see notion,CX11271,2,,,
NJR2,p005,B02,48h,10,HB101_10_11_2023,DMSO,Albendazole_B,0,see notion,CX11271,2,,,
NJR2,p005,C02,48h,10,HB101_10_11_2023,DMSO,Albendazole_B,0,see notion,CX11271,2,,,
NJR2,p005,D02,48h,10,HB101_10_11_2023,DMSO,Albendazole_B,0,see notion,CX11271,2,,,
NJR2,p005,E02,48h,10,HB101_10_11_2023,DMSO,Albendazole_F,0,see notion,CX11271,2,,,
NJR2,p005,F02,48h,10,HB101_10_11_2023,DMSO,Albendazole_F,0,see notion,CX11271,2,,,
NJR2,p005,G02,48h,10,HB101_10_11_2023,DMSO,Albendazole_F,0,see notion,CX11271,2,,,
NJR2,p005,H02,48h,10,HB101_10_11_2023,DMSO,Albendazole_F,0,see notion,CX11271,2,,,
NJR2,p005,A03,48h,10,HB101_10_11_2023,DMSO,Albendazole_B,0,see notion,ECA36,2,,,
NJR2,p005,B03,48h,10,HB101_10_11_2023,DMSO,Albendazole_B,0,see notion,ECA36,2,,,
NJR2,p005,C03,48h,10,HB101_10_11_2023,DMSO,Albendazole_B,0,see notion,ECA36,2,,,
NJR2,p005,D03,48h,10,HB101_10_11_2023,DMSO,Albendazole_B,0,see notion,ECA36,2,,,
NJR2,p005,E03,48h,10,HB101_10_11_2023,DMSO,Albendazole_F,0,see notion,ECA36,2,,,
NJR2,p005,F03,48h,10,HB101_10_11_2023,DMSO,Albendazole_F,0,see notion,ECA36,2,,,
NJR2,p005,G03,48h,10,HB101_10_11_2023,DMSO,Albendazole_F,0,see notion,ECA36,2,,,
NJR2,p005,H03,48h,10,HB101_10_11_2023,DMSO,Albendazole_F,0,see notion,ECA36,2,,,
NJR2,p005,A04,48h,10,HB101_10_11_2023,DMSO,Albendazole_B,0,see notion,JU775,2,,,
NJR2,p005,B04,48h,10,HB101_10_11_2023,DMSO,Albendazole_B,0,see notion,JU775,2,,,
NJR2,p005,C04,48h,10,HB101_10_11_2023,DMSO,Albendazole_B,0,see notion,JU775,2,,,
NJR2,p005,D04,48h,10,HB101_10_11_2023,DMSO,Albendazole_B,0,see notion,JU775,2,,,
NJR2,p005,E04,48h,10,HB101_10_11_2023,DMSO,Albendazole_F,0,see notion,JU775,2,,,
NJR2,p005,F04,48h,10,HB101_10_11_2023,DMSO,Albendazole_F,0,see notion,JU775,2,,,
NJR2,p005,G04,48h,10,HB101_10_11_2023,DMSO,Albendazole_F,0,see notion,JU775,2,,,
NJR2,p005,H04,48h,10,HB101_10_11_2023,DMSO,Albendazole_F,0,see notion,JU775,2,,,
NJR2,p005,A05,48h,10,HB101_10_11_2023,DMSO,Albendazole_B,0,see notion,MY16,2,,,
NJR2,p005,B05,48h,10,HB101_10_11_2023,DMSO,Albendazole_B,0,see notion,MY16,2,,,
NJR2,p005,C05,48h,10,HB101_10_11_2023,DMSO,Albendazole_B,0,see notion,MY16,2,,,
NJR2,p005,D05,48h,10,HB101_10_11_2023,DMSO,Albendazole_B,0,see notion,MY16,2,,,
NJR2,p005,E05,48h,10,HB101_10_11_2023,DMSO,Albendazole_F,0,see notion,MY16,2,,,
NJR2,p005,F05,48h,10,HB101_10_11_2023,DMSO,Albendazole_F,0,see notion,MY16,2,,,
NJR2,p005,G05,48h,10,HB101_10_11_2023,DMSO,Albendazole_F,0,see notion,MY16,2,,,
NJR2,p005,H05,48h,10,HB101_10_11_2023,DMSO,Albendazole_F,0,see notion,MY16,2,,,
NJR2,p005,A06,48h,10,HB101_10_11_2023,DMSO,Albendazole_B,0,see notion,N2,2,,,
NJR2,p005,B06,48h,10,HB101_10_11_2023,DMSO,Albendazole_B,0,see notion,N2,2,,,
NJR2,p005,C06,48h,10,HB101_10_11_2023,DMSO,Albendazole_B,0,see notion,N2,2,,,
NJR2,p005,D06,48h,10,HB101_10_11_2023,DMSO,Albendazole_B,0,see notion,N2,2,,,
NJR2,p005,E06,48h,10,HB101_10_11_2023,DMSO,Albendazole_F,0,see notion,N2,2,,,
NJR2,p005,F06,48h,10,HB101_10_11_2023,DMSO,Albendazole_F,0,see notion,N2,2,,,
NJR2,p005,G06,48h,10,HB101_10_11_2023,DMSO,Albendazole_F,0,see notion,N2,2,,,
NJR2,p005,H06,48h,10,HB101_10_11_2023,DMSO,Albendazole_F,0,see notion,N2,2,,,
NJR2,p005,A07,48h,10,HB101_10_11_2023,DMSO,Albendazole_B,30,see notion,CB4856,2,,,
NJR2,p005,B07,48h,10,HB101_10_11_2023,DMSO,Albendazole_B,30,see notion,CB4856,2,,,
NJR2,p005,C07,48h,10,HB101_10_11_2023,DMSO,Albendazole_B,30,see notion,CB4856,2,,,
NJR2,p005,D07,48h,10,HB101_10_11_2023,DMSO,Albendazole_B,30,see notion,CB4856,2,,,
NJR2,p005,E07,48h,10,HB101_10_11_2023,DMSO,Albendazole_F,30,see notion,CB4856,2,,,
NJR2,p005,F07,48h,10,HB101_10_11_2023,DMSO,Albendazole_F,30,see notion,CB4856,2,,,
NJR2,p005,G07,48h,10,HB101_10_11_2023,DMSO,Albendazole_F,30,see notion,CB4856,2,,,
NJR2,p005,H07,48h,10,HB101_10_11_2023,DMSO,Albendazole_F,30,see notion,CB4856,2,,,
NJR2,p005,A08,48h,10,HB101_10_11_2023,DMSO,Albendazole_B,30,see notion,CX11271,2,,,
NJR2,p005,B08,48h,10,HB101_10_11_2023,DMSO,Albendazole_B,30,see notion,CX11271,2,,,
NJR2,p005,C08,48h,10,HB101_10_11_2023,DMSO,Albendazole_B,30,see notion,CX11271,2,,,
NJR2,p005,D08,48h,10,HB101_10_11_2023,DMSO,Albendazole_B,30,see notion,CX11271,2,,,
NJR2,p005,E08,48h,10,HB101_10_11_2023,DMSO,Albendazole_F,30,see notion,CX11271,2,,,
NJR2,p005,F08,48h,10,HB101_10_11_2023,DMSO,Albendazole_F,30,see notion,CX11271,2,,,
NJR2,p005,G08,48h,10,HB101_10_11_2023,DMSO,Albendazole_F,30,see notion,CX11271,2,,,
NJR2,p005,H08,48h,10,HB101_10_11_2023,DMSO,Albendazole_F,30,see notion,CX11271,2,,,
NJR2,p005,A09,48h,10,HB101_10_11_2023,DMSO,Albendazole_B,30,see notion,ECA36,2,,,
NJR2,p005,B09,48h,10,HB101_10_11_2023,DMSO,Albendazole_B,30,see notion,ECA36,2,,,
NJR2,p005,C09,48h,10,HB101_10_11_2023,DMSO,Albendazole_B,30,see notion,ECA36,2,,,
NJR2,p005,D09,48h,10,HB101_10_11_2023,DMSO,Albendazole_B,30,see notion,ECA36,2,,,
NJR2,p005,E09,48h,10,HB101_10_11_2023,DMSO,Albendazole_F,30,see notion,ECA36,2,,,
NJR2,p005,F09,48h,10,HB101_10_11_2023,DMSO,Albendazole_F,30,see notion,ECA36,2,,,
NJR2,p005,G09,48h,10,HB101_10_11_2023,DMSO,Albendazole_F,30,see notion,ECA36,2,,,
NJR2,p005,H09,48h,10,HB101_10_11_2023,DMSO,Albendazole_F,30,see notion,ECA36,2,,,
NJR2,p005,A10,48h,10,HB101_10_11_2023,DMSO,Albendazole_B,30,see notion,JU775,2,,,
NJR2,p005,B10,48h,10,HB101_10_11_2023,DMSO,Albendazole_B,30,see notion,JU775,2,,,
NJR2,p005,C10,48h,10,HB101_10_11_2023,DMSO,Albendazole_B,30,see notion,JU775,2,,,
NJR2,p005,D10,48h,10,HB101_10_11_2023,DMSO,Albendazole_B,30,see notion,JU775,2,,,
NJR2,p005,E10,48h,10,HB101_10_11_2023,DMSO,Albendazole_F,30,see notion,JU775,2,,,
NJR2,p005,F10,48h,10,HB101_10_11_2023,DMSO,Albendazole_F,30,see notion,JU775,2,,,
NJR2,p005,G10,48h,10,HB101_10_11_2023,DMSO,Albendazole_F,30,see notion,JU775,2,,,
NJR2,p005,H10,48h,10,HB101_10_11_2023,DMSO,Albendazole_F,30,see notion,JU775,2,,,
NJR2,p005,A11,48h,10,HB101_10_11_2023,DMSO,Albendazole_B,30,see notion,MY16,2,,,
NJR2,p005,B11,48h,10,HB101_10_11_2023,DMSO,Albendazole_B,30,see notion,MY16,2,,,
NJR2,p005,C11,48h,10,HB101_10_11_2023,DMSO,Albendazole_B,30,see notion,MY16,2,,,
NJR2,p005,D11,48h,10,HB101_10_11_2023,DMSO,Albendazole_B,30,see notion,MY16,2,,,
NJR2,p005,E11,48h,10,HB101_10_11_2023,DMSO,Albendazole_F,30,see notion,MY16,2,,,
NJR2,p005,F11,48h,10,HB101_10_11_2023,DMSO,Albendazole_F,30,see notion,MY16,2,,,
NJR2,p005,G11,48h,10,HB101_10_11_2023,DMSO,Albendazole_F,30,see notion,MY16,2,,,
NJR2,p005,H11,48h,10,HB101_10_11_2023,DMSO,Albendazole_F,30,see notion,MY16,2,,,
NJR2,p005,A12,48h,10,HB101_10_11_2023,DMSO,Albendazole_B,30,see notion,N2,2,,,
NJR2,p005,B12,48h,10,HB101_10_11_2023,DMSO,Albendazole_B,30,see notion,N2,2,,,
NJR2,p005,C12,48h,10,HB101_10_11_2023,DMSO,Albendazole_B,30,see notion,N2,2,,,
NJR2,p005,D12,48h,10,HB101_10_11_2023,DMSO,Albendazole_B,30,see notion,N2,2,,,
NJR2,p005,E12,48h,10,HB101_10_11_2023,DMSO,Albendazole_F,30,see notion,N2,2,,,
NJR2,p005,F12,48h,10,HB101_10_11_2023,DMSO,Albendazole_F,30,see notion,N2,2,,,
NJR2,p005,G12,48h,10,HB101_10_11_2023,DMSO,Albendazole_F,30,see notion,N2,2,,,
NJR2,p005,H12,48h,10,HB101_10_11_2023,DMSO,Albendazole_F,30,see notion,N2,2,,,
NJR2,p006,A01,48h,10,HB101_10_11_2023,DMSO,Albendazole_B,0,see notion,CB4856,2,,,
NJR2,p006,B01,48h,10,HB101_10_11_2023,DMSO,Albendazole_B,0,see notion,CB4856,2,,,
NJR2,p006,C01,48h,10,HB101_10_11_2023,DMSO,Albendazole_B,0,see notion,CB4856,2,,,
NJR2,p006,D01,48h,10,HB101_10_11_2023,DMSO,Albendazole_B,0,see notion,CB4856,2,,,
NJR2,p006,E01,48h,10,HB101_10_11_2023,DMSO,Albendazole_F,0,see notion,CB4856,2,,,
NJR2,p006,F01,48h,10,HB101_10_11_2023,DMSO,Albendazole_F,0,see notion,CB4856,2,,,
NJR2,p006,G01,48h,10,HB101_10_11_2023,DMSO,Albendazole_F,0,see notion,CB4856,2,,,
NJR2,p006,H01,48h,10,HB101_10_11_2023,DMSO,Albendazole_F,0,see notion,CB4856,2,,,
NJR2,p006,A02,48h,10,HB101_10_11_2023,DMSO,Albendazole_B,0,see notion,CX11271,2,,,
NJR2,p006,B02,48h,10,HB101_10_11_2023,DMSO,Albendazole_B,0,see notion,CX11271,2,,,
NJR2,p006,C02,48h,10,HB101_10_11_2023,DMSO,Albendazole_B,0,see notion,CX11271,2,,,
NJR2,p006,D02,48h,10,HB101_10_11_2023,DMSO,Albendazole_B,0,see notion,CX11271,2,,,
NJR2,p006,E02,48h,10,HB101_10_11_2023,DMSO,Albendazole_F,0,see notion,CX11271,2,,,
NJR2,p006,F02,48h,10,HB101_10_11_2023,DMSO,Albendazole_F,0,see notion,CX11271,2,,,
NJR2,p006,G02,48h,10,HB101_10_11_2023,DMSO,Albendazole_F,0,see notion,CX11271,2,,,
NJR2,p006,H02,48h,10,HB101_10_11_2023,DMSO,Albendazole_F,0,see notion,CX11271,2,,,
NJR2,p006,A03,48h,10,HB101_10_11_2023,DMSO,Albendazole_B,0,see notion,ECA36,2,,,
NJR2,p006,B03,48h,10,HB101_10_11_2023,DMSO,Albendazole_B,0,see notion,ECA36,2,,,
NJR2,p006,C03,48h,10,HB101_10_11_2023,DMSO,Albendazole_B,0,see notion,ECA36,2,,,
NJR2,p006,D03,48h,10,HB101_10_11_2023,DMSO,Albendazole_B,0,see notion,ECA36,2,,,
NJR2,p006,E03,48h,10,HB101_10_11_2023,DMSO,Albendazole_F,0,see notion,ECA36,2,,,
NJR2,p006,F03,48h,10,HB101_10_11_2023,DMSO,Albendazole_F,0,see notion,ECA36,2,,,
NJR2,p006,G03,48h,10,HB101_10_11_2023,DMSO,Albendazole_F,0,see notion,ECA36,2,,,
NJR2,p006,H03,48h,10,HB101_10_11_2023,DMSO,Albendazole_F,0,see notion,ECA36,2,,,
NJR2,p006,A04,48h,10,HB101_10_11_2023,DMSO,Albendazole_B,0,see notion,JU775,2,,,
NJR2,p006,B04,48h,10,HB101_10_11_2023,DMSO,Albendazole_B,0,see notion,JU775,2,,,
NJR2,p006,C04,48h,10,HB101_10_11_2023,DMSO,Albendazole_B,0,see notion,JU775,2,,,
NJR2,p006,D04,48h,10,HB101_10_11_2023,DMSO,Albendazole_B,0,see notion,JU775,2,,,
NJR2,p006,E04,48h,10,HB101_10_11_2023,DMSO,Albendazole_F,0,see notion,JU775,2,,,
NJR2,p006,F04,48h,10,HB101_10_11_2023,DMSO,Albendazole_F,0,see notion,JU775,2,,,
NJR2,p006,G04,48h,10,HB101_10_11_2023,DMSO,Albendazole_F,0,see notion,JU775,2,,,
NJR2,p006,H04,48h,10,HB101_10_11_2023,DMSO,Albendazole_F,0,see notion,JU775,2,,,
NJR2,p006,A05,48h,10,HB101_10_11_2023,DMSO,Albendazole_B,0,see notion,MY16,2,,,
NJR2,p006,B05,48h,10,HB101_10_11_2023,DMSO,Albendazole_B,0,see notion,MY16,2,,,
NJR2,p006,C05,48h,10,HB101_10_11_2023,DMSO,Albendazole_B,0,see notion,MY16,2,,,
NJR2,p006,D05,48h,10,HB101_10_11_2023,DMSO,Albendazole_B,0,see notion,MY16,2,,,
NJR2,p006,E05,48h,10,HB101_10_11_2023,DMSO,Albendazole_F,0,see notion,MY16,2,,,
NJR2,p006,F05,48h,10,HB101_10_11_2023,DMSO,Albendazole_F,0,see notion,MY16,2,,,
NJR2,p006,G05,48h,10,HB101_10_11_2023,DMSO,Albendazole_F,0,see notion,MY16,2,,,
NJR2,p006,H05,48h,10,HB101_10_11_2023,DMSO,Albendazole_F,0,see notion,MY16,2,,,
NJR2,p006,A06,48h,10,HB101_10_11_2023,DMSO,Albendazole_B,0,see notion,N2,2,,,
NJR2,p006,B06,48h,10,HB101_10_11_2023,DMSO,Albendazole_B,0,see notion,N2,2,,,
NJR2,p006,C06,48h,10,HB101_10_11_2023,DMSO,Albendazole_B,0,see notion,N2,2,,,
NJR2,p006,D06,48h,10,HB101_10_11_2023,DMSO,Albendazole_B,0,see notion,N2,2,,,
NJR2,p006,E06,48h,10,HB101_10_11_2023,DMSO,Albendazole_F,0,see notion,N2,2,,,
NJR2,p006,F06,48h,10,HB101_10_11_2023,DMSO,Albendazole_F,0,see notion,N2,2,,,
NJR2,p006,G06,48h,10,HB101_10_11_2023,DMSO,Albendazole_F,0,see notion,N2,2,,,
NJR2,p006,H06,48h,10,HB101_10_11_2023,DMSO,Albendazole_F,0,see notion,N2,2,,,
NJR2,p006,A07,48h,10,HB101_10_11_2023,DMSO,Albendazole_B,30,see notion,CB4856,2,,,
NJR2,p006,B07,48h,10,HB101_10_11_2023,DMSO,Albendazole_B,30,see notion,CB4856,2,,,
NJR2,p006,C07,48h,10,HB101_10_11_2023,DMSO,Albendazole_B,30,see notion,CB4856,2,,,
NJR2,p006,D07,48h,10,HB101_10_11_2023,DMSO,Albendazole_B,30,see notion,CB4856,2,,,
NJR2,p006,E07,48h,10,HB101_10_11_2023,DMSO,Albendazole_F,30,see notion,CB4856,2,,,
NJR2,p006,F07,48h,10,HB101_10_11_2023,DMSO,Albendazole_F,30,see notion,CB4856,2,,,
NJR2,p006,G07,48h,10,HB101_10_11_2023,DMSO,Albendazole_F,30,see notion,CB4856,2,,,
NJR2,p006,H07,48h,10,HB101_10_11_2023,DMSO,Albendazole_F,30,see notion,CB4856,2,,,
NJR2,p006,A08,48h,10,HB101_10_11_2023,DMSO,Albendazole_B,30,see notion,CX11271,2,,,
NJR2,p006,B08,48h,10,HB101_10_11_2023,DMSO,Albendazole_B,30,see notion,CX11271,2,,,
NJR2,p006,C08,48h,10,HB101_10_11_2023,DMSO,Albendazole_B,30,see notion,CX11271,2,,,
NJR2,p006,D08,48h,10,HB101_10_11_2023,DMSO,Albendazole_B,30,see notion,CX11271,2,,,
NJR2,p006,E08,48h,10,HB101_10_11_2023,DMSO,Albendazole_F,30,see notion,CX11271,2,,,
NJR2,p006,F08,48h,10,HB101_10_11_2023,DMSO,Albendazole_F,30,see notion,CX11271,2,,,
NJR2,p006,G08,48h,10,HB101_10_11_2023,DMSO,Albendazole_F,30,see notion,CX11271,2,,,
NJR2,p006,H08,48h,10,HB101_10_11_2023,DMSO,Albendazole_F,30,see notion,CX11271,2,,,
NJR2,p006,A09,48h,10,HB101_10_11_2023,DMSO,Albendazole_B,30,see notion,ECA36,2,,,
NJR2,p006,B09,48h,10,HB101_10_11_2023,DMSO,Albendazole_B,30,see notion,ECA36,2,,,
NJR2,p006,C09,48h,10,HB101_10_11_2023,DMSO,Albendazole_B,30,see notion,ECA36,2,,,
NJR2,p006,D09,48h,10,HB101_10_11_2023,DMSO,Albendazole_B,30,see notion,ECA36,2,,,
NJR2,p006,E09,48h,10,HB101_10_11_2023,DMSO,Albendazole_F,30,see notion,ECA36,2,,,
NJR2,p006,F09,48h,10,HB101_10_11_2023,DMSO,Albendazole_F,30,see notion,ECA36,2,,,
NJR2,p006,G09,48h,10,HB101_10_11_2023,DMSO,Albendazole_F,30,see notion,ECA36,2,,,
NJR2,p006,H09,48h,10,HB101_10_11_2023,DMSO,Albendazole_F,30,see notion,ECA36,2,,,
NJR2,p006,A10,48h,10,HB101_10_11_2023,DMSO,Albendazole_B,30,see notion,JU775,2,,,
NJR2,p006,B10,48h,10,HB101_10_11_2023,DMSO,Albendazole_B,30,see notion,JU775,2,,,
NJR2,p006,C10,48h,10,HB101_10_11_2023,DMSO,Albendazole_B,30,see notion,JU775,2,,,
NJR2,p006,D10,48h,10,HB101_10_11_2023,DMSO,Albendazole_B,30,see notion,JU775,2,,,
NJR2,p006,E10,48h,10,HB101_10_11_2023,DMSO,Albendazole_F,30,see notion,JU775,2,,,
NJR2,p006,F10,48h,10,HB101_10_11_2023,DMSO,Albendazole_F,30,see notion,JU775,2,,,
NJR2,p006,G10,48h,10,HB101_10_11_2023,DMSO,Albendazole_F,30,see notion,JU775,2,,,
NJR2,p006,H10,48h,10,HB101_10_11_2023,DMSO,Albendazole_F,30,see notion,JU775,2,,,
NJR2,p006,A11,48h,10,HB101_10_11_2023,DMSO,Albendazole_B,30,see notion,MY16,2,,,
NJR2,p006,B11,48h,10,HB101_10_11_2023,DMSO,Albendazole_B,30,see notion,MY16,2,,,
NJR2,p006,C11,48h,10,HB101_10_11_2023,DMSO,Albendazole_B,30,see notion,MY16,2,,,
NJR2,p006,D11,48h,10,HB101_10_11_2023,DMSO,Albendazole_B,30,see notion,MY16,2,,,
NJR2,p006,E11,48h,10,HB101_10_11_2023,DMSO,Albendazole_F,30,see notion,MY16,2,,,
NJR2,p006,F11,48h,10,HB101_10_11_2023,DMSO,Albendazole_F,30,see notion,MY16,2,,,
NJR2,p006,G11,48h,10,HB101_10_11_2023,DMSO,Albendazole_F,30,see notion,MY16,2,,,
NJR2,p006,H11,48h,10,HB101_10_11_2023,DMSO,Albendazole_F,30,see notion,MY16,2,,,
NJR2,p006,A12,48h,10,HB101_10_11_2023,DMSO,Albendazole_B,30,see notion,N2,2,,,
NJR2,p006,B12,48h,10,HB101_10_11_2023,DMSO,Albendazole_B,30,see notion,N2,2,,,
NJR2,p006,C12,48h,10,HB101_10_11_2023,DMSO,Albendazole_B,30,see notion,N2,2,,,
NJR2,p006,D12,48h,10,HB101_10_11_2023,DMSO,Albendazole_B,30,see notion,N2,2,,,
NJR2,p006,E12,48h,10,HB101_10_11_2023,DMSO,Albendazole_F,30,see notion,N2,2,,,
NJR2,p006,F12,48h,10,HB101_10_11_2023,DMSO,Albendazole_F,30,see notion,N2,2,,,
NJR2,p006,G12,48h,10,HB101_10_11_2023,DMSO,Albendazole_F,30,see notion,N2,2,,,
NJR2,p006,H12,48h,10,HB101_10_11_2023,DMSO,Albendazole_F,30,see notion,N2,2,,,
NJR2,p007,A01,48h,10,HB101_10_11_2023,DMSO,Albendazole_B,0,see notion,CB4856,2,,,
NJR2,p007,B01,48h,10,HB101_10_11_2023,DMSO,Albendazole_B,0,see notion,CB4856,2,,,
NJR2,p007,C01,48h,10,HB101_10_11_2023,DMSO,Albendazole_B,0,see notion,CB4856,2,,,
NJR2,p007,D01,48h,10,HB101_10_11_2023,DMSO,Albendazole_B,0,see notion,CB4856,2,,,
NJR2,p007,E01,48h,10,HB101_10_11_2023,DMSO,Albendazole_F,0,see notion,CB4856,2,,,
NJR2,p007,F01,48h,10,HB101_10_11_2023,DMSO,Albendazole_F,0,see notion,CB4856,2,,,
NJR2,p007,G01,48h,10,HB101_10_11_2023,DMSO,Albendazole_F,0,see notion,CB4856,2,,,
NJR2,p007,H01,48h,10,HB101_10_11_2023,DMSO,Albendazole_F,0,see notion,CB4856,2,,,
NJR2,p007,A02,48h,10,HB101_10_11_2023,DMSO,Albendazole_B,0,see notion,CX11271,2,,,
NJR2,p007,B02,48h,10,HB101_10_11_2023,DMSO,Albendazole_B,0,see notion,CX11271,2,,,
NJR2,p007,C02,48h,10,HB101_10_11_2023,DMSO,Albendazole_B,0,see notion,CX11271,2,,,
NJR2,p007,D02,48h,10,HB101_10_11_2023,DMSO,Albendazole_B,0,see notion,CX11271,2,,,
NJR2,p007,E02,48h,10,HB101_10_11_2023,DMSO,Albendazole_F,0,see notion,CX11271,2,,,
NJR2,p007,F02,48h,10,HB101_10_11_2023,DMSO,Albendazole_F,0,see notion,CX11271,2,,,
NJR2,p007,G02,48h,10,HB101_10_11_2023,DMSO,Albendazole_F,0,see notion,CX11271,2,,,
NJR2,p007,H02,48h,10,HB101_10_11_2023,DMSO,Albendazole_F,0,see notion,CX11271,2,,,
NJR2,p007,A03,48h,10,HB101_10_11_2023,DMSO,Albendazole_B,0,see notion,ECA36,2,,,
NJR2,p007,B03,48h,10,HB101_10_11_2023,DMSO,Albendazole_B,0,see notion,ECA36,2,,,
NJR2,p007,C03,48h,10,HB101_10_11_2023,DMSO,Albendazole_B,0,see notion,ECA36,2,,,
NJR2,p007,D03,48h,10,HB101_10_11_2023,DMSO,Albendazole_B,0,see notion,ECA36,2,,,
NJR2,p007,E03,48h,10,HB101_10_11_2023,DMSO,Albendazole_F,0,see notion,ECA36,2,,,
NJR2,p007,F03,48h,10,HB101_10_11_2023,DMSO,Albendazole_F,0,see notion,ECA36,2,,,
NJR2,p007,G03,48h,10,HB101_10_11_2023,DMSO,Albendazole_F,0,see notion,ECA36,2,,,
NJR2,p007,H03,48h,10,HB101_10_11_2023,DMSO,Albendazole_F,0,see notion,ECA36,2,,,
NJR2,p007,A04,48h,10,HB101_10_11_2023,DMSO,Albendazole_B,0,see notion,JU775,2,,,
NJR2,p007,B04,48h,10,HB101_10_11_2023,DMSO,Albendazole_B,0,see notion,JU775,2,,,
NJR2,p007,C04,48h,10,HB101_10_11_2023,DMSO,Albendazole_B,0,see notion,JU775,2,,,
NJR2,p007,D04,48h,10,HB101_10_11_2023,DMSO,Albendazole_B,0,see notion,JU775,2,,,
NJR2,p007,E04,48h,10,HB101_10_11_2023,DMSO,Albendazole_F,0,see notion,JU775,2,,,
NJR2,p007,F04,48h,10,HB101_10_11_2023,DMSO,Albendazole_F,0,see notion,JU775,2,,,
NJR2,p007,G04,48h,10,HB101_10_11_2023,DMSO,Albendazole_F,0,see notion,JU775,2,,,
NJR2,p007,H04,48h,10,HB101_10_11_2023,DMSO,Albendazole_F,0,see notion,JU775,2,,,
NJR2,p007,A05,48h,10,HB101_10_11_2023,DMSO,Albendazole_B,0,see notion,MY16,2,,,
NJR2,p007,B05,48h,10,HB101_10_11_2023,DMSO,Albendazole_B,0,see notion,MY16,2,,,
NJR2,p007,C05,48h,10,HB101_10_11_2023,DMSO,Albendazole_B,0,see notion,MY16,2,,,
NJR2,p007,D05,48h,10,HB101_10_11_2023,DMSO,Albendazole_B,0,see notion,MY16,2,,,
NJR2,p007,E05,48h,10,HB101_10_11_2023,DMSO,Albendazole_F,0,see notion,MY16,2,,,
NJR2,p007,F05,48h,10,HB101_10_11_2023,DMSO,Albendazole_F,0,see notion,MY16,2,,,
NJR2,p007,G05,48h,10,HB101_10_11_2023,DMSO,Albendazole_F,0,see notion,MY16,2,,,
NJR2,p007,H05,48h,10,HB101_10_11_2023,DMSO,Albendazole_F,0,see notion,MY16,2,,,
NJR2,p007,A06,48h,10,HB101_10_11_2023,DMSO,Albendazole_B,0,see notion,N2,2,,,
NJR2,p007,B06,48h,10,HB101_10_11_2023,DMSO,Albendazole_B,0,see notion,N2,2,,,
NJR2,p007,C06,48h,10,HB101_10_11_2023,DMSO,Albendazole_B,0,see notion,N2,2,,,
NJR2,p007,D06,48h,10,HB101_10_11_2023,DMSO,Albendazole_B,0,see notion,N2,2,,,
NJR2,p007,E06,48h,10,HB101_10_11_2023,DMSO,Albendazole_F,0,see notion,N2,2,,,
NJR2,p007,F06,48h,10,HB101_10_11_2023,DMSO,Albendazole_F,0,see notion,N2,2,,,
NJR2,p007,G06,48h,10,HB101_10_11_2023,DMSO,Albendazole_F,0,see notion,N2,2,,,
NJR2,p007,H06,48h,10,HB101_10_11_2023,DMSO,Albendazole_F,0,see notion,N2,2,,,
NJR2,p007,A07,48h,10,HB101_10_11_2023,DMSO,Albendazole_B,30,see notion,CB4856,2,,,
NJR2,p007,B07,48h,10,HB101_10_11_2023,DMSO,Albendazole_B,30,see notion,CB4856,2,,,
NJR2,p007,C07,48h,10,HB101_10_11_2023,DMSO,Albendazole_B,30,see notion,CB4856,2,,,
NJR2,p007,D07,48h,10,HB101_10_11_2023,DMSO,Albendazole_B,30,see notion,CB4856,2,,,
NJR2,p007,E07,48h,10,HB101_10_11_2023,DMSO,Albendazole_F,30,see notion,CB4856,2,,,
NJR2,p007,F07,48h,10,HB101_10_11_2023,DMSO,Albendazole_F,30,see notion,CB4856,2,,,
NJR2,p007,G07,48h,10,HB101_10_11_2023,DMSO,Albendazole_F,30,see notion,CB4856,2,,,
NJR2,p007,H07,48h,10,HB101_10_11_2023,DMSO,Albendazole_F,30,see notion,CB4856,2,,,
NJR2,p007,A08,48h,10,HB101_10_11_2023,DMSO,Albendazole_B,30,see notion,CX11271,2,,,
NJR2,p007,B08,48h,10,HB101_10_11_2023,DMSO,Albendazole_B,30,see notion,CX11271,2,,,
NJR2,p007,C08,48h,10,HB101_10_11_2023,DMSO,Albendazole_B,30,see notion,CX11271,2,,,
NJR2,p007,D08,48h,10,HB101_10_11_2023,DMSO,Albendazole_B,30,see notion,CX11271,2,,,
NJR2,p007,E08,48h,10,HB101_10_11_2023,DMSO,Albendazole_F,30,see notion,CX11271,2,,,
NJR2,p007,F08,48h,10,HB101_10_11_2023,DMSO,Albendazole_F,30,see notion,CX11271,2,,,
NJR2,p007,G08,48h,10,HB101_10_11_2023,DMSO,Albendazole_F,30,see notion,CX11271,2,,,
NJR2,p007,H08,48h,10,HB101_10_11_2023,DMSO,Albendazole_F,30,see notion,CX11271,2,,,
NJR2,p007,A09,48h,10,HB101_10_11_2023,DMSO,Albendazole_B,30,see notion,ECA36,2,,,
NJR2,p007,B09,48h,10,HB101_10_11_2023,DMSO,Albendazole_B,30,see notion,ECA36,2,,,
NJR2,p007,C09,48h,10,HB101_10_11_2023,DMSO,Albendazole_B,30,see notion,ECA36,2,,,
NJR2,p007,D09,48h,10,HB101_10_11_2023,DMSO,Albendazole_B,30,see notion,ECA36,2,,,
NJR2,p007,E09,48h,10,HB101_10_11_2023,DMSO,Albendazole_F,30,see notion,ECA36,2,,,
NJR2,p007,F09,48h,10,HB101_10_11_2023,DMSO,Albendazole_F,30,see notion,ECA36,2,,,
NJR2,p007,G09,48h,10,HB101_10_11_2023,DMSO,Albendazole_F,30,see notion,ECA36,2,,,
NJR2,p007,H09,48h,10,HB101_10_11_2023,DMSO,Albendazole_F,30,see notion,ECA36,2,,,
NJR2,p007,A10,48h,10,HB101_10_11_2023,DMSO,Albendazole_B,30,see notion,JU775,2,,,
NJR2,p007,B10,48h,10,HB101_10_11_2023,DMSO,Albendazole_B,30,see notion,JU775,2,,,
NJR2,p007,C10,48h,10,HB101_10_11_2023,DMSO,Albendazole_B,30,see notion,JU775,2,,,
NJR2,p007,D10,48h,10,HB101_10_11_2023,DMSO,Albendazole_B,30,see notion,JU775,2,,,
NJR2,p007,E10,48h,10,HB101_10_11_2023,DMSO,Albendazole_F,30,see notion,JU775,2,,,
NJR2,p007,F10,48h,10,HB101_10_11_2023,DMSO,Albendazole_F,30,see notion,JU775,2,,,
NJR2,p007,G10,48h,10,HB101_10_11_2023,DMSO,Albendazole_F,30,see notion,JU775,2,,,
NJR2,p007,H10,48h,10,HB101_10_11_2023,DMSO,Albendazole_F,30,see notion,JU775,2,,,
NJR2,p007,A11,48h,10,HB101_10_11_2023,DMSO,Albendazole_B,30,see notion,MY16,2,,,
NJR2,p007,B11,48h,10,HB101_10_11_2023,DMSO,Albendazole_B,30,see notion,MY16,2,,,
NJR2,p007,C11,48h,10,HB101_10_11_2023,DMSO,Albendazole_B,30,see notion,MY16,2,,,
NJR2,p007,D11,48h,10,HB101_10_11_2023,DMSO,Albendazole_B,30,see notion,MY16,2,,,
NJR2,p007,E11,48h,10,HB101_10_11_2023,DMSO,Albendazole_F,30,see notion,MY16,2,,,
NJR2,p007,F11,48h,10,HB101_10_11_2023,DMSO,Albendazole_F,30,see notion,MY16,2,,,
NJR2,p007,G11,48h,10,HB101_10_11_2023,DMSO,Albendazole_F,30,see notion,MY16,2,,,
NJR2,p007,H11,48h,10,HB101_10_11_2023,DMSO,Albendazole_F,30,see notion,MY16,2,,,
NJR2,p007,A12,48h,10,HB101_10_11_2023,DMSO,Albendazole_B,30,see notion,N2,2,,,
NJR2,p007,B12,48h,10,HB101_10_11_2023,DMSO,Albendazole_B,30,see notion,N2,2,,,
NJR2,p007,C12,48h,10,HB101_10_11_2023,DMSO,Albendazole_B,30,see notion,N2,2,,,
NJR2,p007,D12,48h,10,HB101_10_11_2023,DMSO,Albendazole_B,30,see notion,N2,2,,,
NJR2,p007,E12,48h,10,HB101_10_11_2023,DMSO,Albendazole_F,30,see notion,N2,2,,,
NJR2,p007,F12,48h,10,HB101_10_11_2023,DMSO,Albendazole_F,30,see notion,N2,2,,,
NJR2,p007,G12,48h,10,HB101_10_11_2023,DMSO,Albendazole_F,30,see notion,N2,2,,,
NJR2,p007,H12,48h,10,HB101_10_11_2023,DMSO,Albendazole_F,30,see notion,N2,2,,,
NJR2,p008,A01,48h,10,HB101_10_11_2023,DMSO,Albendazole_B,0,see notion,CB4856,2,,,
NJR2,p008,B01,48h,10,HB101_10_11_2023,DMSO,Albendazole_B,0,see notion,CB4856,2,,,
NJR2,p008,C01,48h,10,HB101_10_11_2023,DMSO,Albendazole_B,0,see notion,CB4856,2,,,
NJR2,p008,D01,48h,10,HB101_10_11_2023,DMSO,Albendazole_B,0,see notion,CB4856,2,,,
NJR2,p008,E01,48h,10,HB101_10_11_2023,DMSO,Albendazole_F,0,see notion,CB4856,2,,,
NJR2,p008,F01,48h,10,HB101_10_11_2023,DMSO,Albendazole_F,0,see notion,CB4856,2,,,
NJR2,p008,G01,48h,10,HB101_10_11_2023,DMSO,Albendazole_F,0,see notion,CB4856,2,,,
NJR2,p008,H01,48h,10,HB101_10_11_2023,DMSO,Albendazole_F,0,see notion,CB4856,2,,,
NJR2,p008,A02,48h,10,HB101_10_11_2023,DMSO,Albendazole_B,0,see notion,CX11271,2,,,
NJR2,p008,B02,48h,10,HB101_10_11_2023,DMSO,Albendazole_B,0,see notion,CX11271,2,,,
NJR2,p008,C02,48h,10,HB101_10_11_2023,DMSO,Albendazole_B,0,see notion,CX11271,2,,,
NJR2,p008,D02,48h,10,HB101_10_11_2023,DMSO,Albendazole_B,0,see notion,CX11271,2,,,
NJR2,p008,E02,48h,10,HB101_10_11_2023,DMSO,Albendazole_F,0,see notion,CX11271,2,,,
NJR2,p008,F02,48h,10,HB101_10_11_2023,DMSO,Albendazole_F,0,see notion,CX11271,2,,,
NJR2,p008,G02,48h,10,HB101_10_11_2023,DMSO,Albendazole_F,0,see notion,CX11271,2,,,
NJR2,p008,H02,48h,10,HB101_10_11_2023,DMSO,Albendazole_F,0,see notion,CX11271,2,,,
NJR2,p008,A03,48h,10,HB101_10_11_2023,DMSO,Albendazole_B,0,see notion,ECA36,2,,,
NJR2,p008,B03,48h,10,HB101_10_11_2023,DMSO,Albendazole_B,0,see notion,ECA36,2,,,
NJR2,p008,C03,48h,10,HB101_10_11_2023,DMSO,Albendazole_B,0,see notion,ECA36,2,,,
NJR2,p008,D03,48h,10,HB101_10_11_2023,DMSO,Albendazole_B,0,see notion,ECA36,2,,,
NJR2,p008,E03,48h,10,HB101_10_11_2023,DMSO,Albendazole_F,0,see notion,ECA36,2,,,
NJR2,p008,F03,48h,10,HB101_10_11_2023,DMSO,Albendazole_F,0,see notion,ECA36,2,,,
NJR2,p008,G03,48h,10,HB101_10_11_2023,DMSO,Albendazole_F,0,see notion,ECA36,2,,,
NJR2,p008,H03,48h,10,HB101_10_11_2023,DMSO,Albendazole_F,0,see notion,ECA36,2,,,
NJR2,p008,A04,48h,10,HB101_10_11_2023,DMSO,Albendazole_B,0,see notion,JU775,2,,,
NJR2,p008,B04,48h,10,HB101_10_11_2023,DMSO,Albendazole_B,0,see notion,JU775,2,,,
NJR2,p008,C04,48h,10,HB101_10_11_2023,DMSO,Albendazole_B,0,see notion,JU775,2,,,
NJR2,p008,D04,48h,10,HB101_10_11_2023,DMSO,Albendazole_B,0,see notion,JU775,2,,,
NJR2,p008,E04,48h,10,HB101_10_11_2023,DMSO,Albendazole_F,0,see notion,JU775,2,,,
NJR2,p008,F04,48h,10,HB101_10_11_2023,DMSO,Albendazole_F,0,see notion,JU775,2,,,
NJR2,p008,G04,48h,10,HB101_10_11_2023,DMSO,Albendazole_F,0,see notion,JU775,2,,,
NJR2,p008,H04,48h,10,HB101_10_11_2023,DMSO,Albendazole_F,0,see notion,JU775,2,,,
NJR2,p008,A05,48h,10,HB101_10_11_2023,DMSO,Albendazole_B,0,see notion,MY16,2,,,
NJR2,p008,B05,48h,10,HB101_10_11_2023,DMSO,Albendazole_B,0,see notion,MY16,2,,,
NJR2,p008,C05,48h,10,HB101_10_11_2023,DMSO,Albendazole_B,0,see notion,MY16,2,,,
NJR2,p008,D05,48h,10,HB101_10_11_2023,DMSO,Albendazole_B,0,see notion,MY16,2,,,
NJR2,p008,E05,48h,10,HB101_10_11_2023,DMSO,Albendazole_F,0,see notion,MY16,2,,,
NJR2,p008,F05,48h,10,HB101_10_11_2023,DMSO,Albendazole_F,0,see notion,MY16,2,,,
NJR2,p008,G05,48h,10,HB101_10_11_2023,DMSO,Albendazole_F,0,see notion,MY16,2,,,
NJR2,p008,H05,48h,10,HB101_10_11_2023,DMSO,Albendazole_F,0,see notion,MY16,2,,,
NJR2,p008,A06,48h,10,HB101_10_11_2023,DMSO,Albendazole_B,0,see notion,N2,2,,,
NJR2,p008,B06,48h,10,HB101_10_11_2023,DMSO,Albendazole_B,0,see notion,N2,2,,,
NJR2,p008,C06,48h,10,HB101_10_11_2023,DMSO,Albendazole_B,0,see notion,N2,2,,,
NJR2,p008,D06,48h,10,HB101_10_11_2023,DMSO,Albendazole_B,0,see notion,N2,2,,,
NJR2,p008,E06,48h,10,HB101_10_11_2023,DMSO,Albendazole_F,0,see notion,N2,2,,,
NJR2,p008,F06,48h,10,HB101_10_11_2023,DMSO,Albendazole_F,0,see notion,N2,2,,,
NJR2,p008,G06,48h,10,HB101_10_11_2023,DMSO,Albendazole_F,0,see notion,N2,2,,,
NJR2,p008,H06,48h,10,HB101_10_11_2023,DMSO,Albendazole_F,0,see notion,N2,2,,,
NJR2,p008,A07,48h,10,HB101_10_11_2023,DMSO,Albendazole_B,30,see notion,CB4856,2,,,
NJR2,p008,B07,48h,10,HB101_10_11_2023,DMSO,Albendazole_B,30,see notion,CB4856,2,,,
NJR2,p008,C07,48h,10,HB101_10_11_2023,DMSO,Albendazole_B,30,see notion,CB4856,2,,,
NJR2,p008,D07,48h,10,HB101_10_11_2023,DMSO,Albendazole_B,30,see notion,CB4856,2,,,
NJR2,p008,E07,48h,10,HB101_10_11_2023,DMSO,Albendazole_F,30,see notion,CB4856,2,,,
NJR2,p008,F07,48h,10,HB101_10_11_2023,DMSO,Albendazole_F,30,see notion,CB4856,2,,,
NJR2,p008,G07,48h,10,HB101_10_11_2023,DMSO,Albendazole_F,30,see notion,CB4856,2,,,
NJR2,p008,H07,48h,10,HB101_10_11_2023,DMSO,Albendazole_F,30,see notion,CB4856,2,,,
NJR2,p008,A08,48h,10,HB101_10_11_2023,DMSO,Albendazole_B,30,see notion,CX11271,2,,,
NJR2,p008,B08,48h,10,HB101_10_11_2023,DMSO,Albendazole_B,30,see notion,CX11271,2,,,
NJR2,p008,C08,48h,10,HB101_10_11_2023,DMSO,Albendazole_B,30,see notion,CX11271,2,,,
NJR2,p008,D08,48h,10,HB101_10_11_2023,DMSO,Albendazole_B,30,see notion,CX11271,2,,,
NJR2,p008,E08,48h,10,HB101_10_11_2023,DMSO,Albendazole_F,30,see notion,CX11271,2,,,
NJR2,p008,F08,48h,10,HB101_10_11_2023,DMSO,Albendazole_F,30,see notion,CX11271,2,,,
NJR2,p008,G08,48h,10,HB101_10_11_2023,DMSO,Albendazole_F,30,see notion,CX11271,2,,,
NJR2,p008,H08,48h,10,HB101_10_11_2023,DMSO,Albendazole_F,30,see notion,CX11271,2,,,
NJR2,p008,A09,48h,10,HB101_10_11_2023,DMSO,Albendazole_B,30,see notion,ECA36,2,,,
NJR2,p008,B09,48h,10,HB101_10_11_2023,DMSO,Albendazole_B,30,see notion,ECA36,2,,,
NJR2,p008,C09,48h,10,HB101_10_11_2023,DMSO,Albendazole_B,30,see notion,ECA36,2,,,
NJR2,p008,D09,48h,10,HB101_10_11_2023,DMSO,Albendazole_B,30,see notion,ECA36,2,,,
NJR2,p008,E09,48h,10,HB101_10_11_2023,DMSO,Albendazole_F,30,see notion,ECA36,2,,,
NJR2,p008,F09,48h,10,HB101_10_11_2023,DMSO,Albendazole_F,30,see notion,ECA36,2,,,
NJR2,p008,G09,48h,10,HB101_10_11_2023,DMSO,Albendazole_F,30,see notion,ECA36,2,,,
NJR2,p008,H09,48h,10,HB101_10_11_2023,DMSO,Albendazole_F,30,see notion,ECA36,2,,,
NJR2,p008,A10,48h,10,HB101_10_11_2023,DMSO,Albendazole_B,30,see notion,JU775,2,,,
NJR2,p008,B10,48h,10,HB101_10_11_2023,DMSO,Albendazole_B,30,see notion,JU775,2,,,
NJR2,p008,C10,48h,10,HB101_10_11_2023,DMSO,Albendazole_B,30,see notion,JU775,2,,,
NJR2,p008,D10,48h,10,HB101_10_11_2023,DMSO,Albendazole_B,30,see notion,JU775,2,,,
NJR2,p008,E10,48h,10,HB101_10_11_2023,DMSO,Albendazole_F,30,see notion,JU775,2,,,
NJR2,p008,F10,48h,10,HB101_10_11_2023,DMSO,Albendazole_F,30,see notion,JU775,2,,,
NJR2,p008,G10,48h,10,HB101_10_11_2023,DMSO,Albendazole_F,30,see notion,JU775,2,,,
NJR2,p008,H10,48h,10,HB101_10_11_2023,DMSO,Albendazole_F,30,see notion,JU775,2,,,
NJR2,p008,A11,48h,10,HB101_10_11_2023,DMSO,Albendazole_B,30,see notion,MY16,2,,,
NJR2,p008,B11,48h,10,HB101_10_11_2023,DMSO,Albendazole_B,30,see notion,MY16,2,,,
NJR2,p008,C11,48h,10,HB101_10_11_2023,DMSO,Albendazole_B,30,see notion,MY16,2,,,
NJR2,p008,D11,48h,10,HB101_10_11_2023,DMSO,Albendazole_B,30,see notion,MY16,2,,,
NJR2,p008,E11,48h,10,HB101_10_11_2023,DMSO,Albendazole_F,30,see notion,MY16,2,,,
NJR2,p008,F11,48h,10,HB101_10_11_2023,DMSO,Albendazole_F,30,see notion,MY16,2,,,
NJR2,p008,G11,48h,10,HB101_10_11_2023,DMSO,Albendazole_F,30,see notion,MY16,2,,,
NJR2,p008,H11,48h,10,HB101_10_11_2023,DMSO,Albendazole_F,30,see notion,MY16,2,,,
NJR2,p008,A12,48h,10,HB101_10_11_2023,DMSO,Albendazole_B,30,see notion,N2,2,,,
NJR2,p008,B12,48h,10,HB101_10_11_2023,DMSO,Albendazole_B,30,see notion,N2,2,,,
NJR2,p008,C12,48h,10,HB101_10_11_2023,DMSO,Albendazole_B,30,see notion,N2,2,,,
NJR2,p008,D12,48h,10,HB101_10_11_2023,DMSO,Albendazole_B,30,see notion,N2,2,,,
NJR2,p008,E12,48h,10,HB101_10_11_2023,DMSO,Albendazole_F,30,see notion,N2,2,,,
NJR2,p008,F12,48h,10,HB101_10_11_2023,DMSO,Albendazole_F,30,see notion,N2,2,,,
NJR2,p008,G12,48h,10,HB101_10_11_2023,DMSO,Albendazole_F,30,see notion,N2,2,,,
NJR2,p008,H12,48h,10,HB101_10_11_2023,DMSO,Albendazole_F,30,see notion,N2,2,,,